place_id,name,address,phone,website,types,rating,user_ratings_total,price_level,open_now,merchant_lat,merchant_lng,nearest_charger_id,nearest_charger_name,charger_lat,charger_lng,distance_to_charger_m,walk_time_min,corporate_likely,corporate_reason,needs_review,decision_friction,friction_reason,category,source,discovered_via_chargers
ChIJo2SaTktlXIYRQeYDvXsvFD8,Albi's Vite Italian Kitchen,"24165 I-10 Unit 433, San Antonio, TX 78257, USA",+1 210-549-1266,http://www.albisvite.com/,"italian_restaurant,restaurant,point_of_interest,food,establishment",4.6,441,PRICE_LEVEL_MODERATE,yes,29.6659881,-98.6339906,ChIJMXoRapJlXIYRFMyO__EUhW0,Tesla Supercharger,29.666334,-98.6332025,85.3,1.02,FALSE,,FALSE,0,independent,closeable,google_places,ChIJMXoRapJlXIYRFMyO__EUhW0
ChIJo3XYi-QsW4YRw5nbBodz9kE,Amy's China Cuisine,"1335 E Whitestone Blvd #190, Cedar Park, TX 78613, USA",+1 512-528-9963,https://amyschinacuisine.com/?utm_source=GBP-AP-AmysChinaCuisine&utm_medium=GBP-AP-AmysChinaCuisine&utm_campaign=GBP-AP-AmysChinaCuisine&utm_id=GBP-AP-AmysChinaCuisine,"chinese_restaurant,restaurant,food,point_of_interest,establishment",4,981,PRICE_LEVEL_INEXPENSIVE,yes,30.529974800000000,-97.8155937,ChIJuzmJiOQsW4YRFATJMd38D68,Shell Recharge Charging Station,30.530032000000000,-97.815229,35.5,0.42,FALSE,,FALSE,0,independent,closeable,google_places,ChIJuzmJiOQsW4YRFATJMd38D68
ChIJLzntlpxLW4YRs50V5GDhbQY,Austin's Pizza William Cannon/Brodie,"3601 W William Cannon Dr, Austin, TX 78749, USA",+1 512-717-8763,http://www.austinspizza.com/,"pizza_restaurant,vegan_restaurant,vegetarian_restaurant,meal_delivery,food_delivery,meal_takeaway,restaurant,food,point_of_interest,establishment",3.7,138,PRICE_LEVEL_MODERATE,yes,30.214698700000000,-97.832893,ChIJkZU1wJxLW4YRHD-kSo8J6xQ,Firestone Complete Auto Care,30.2145032,-97.8325885,36.45074748839300,0.43393747009991600,FALSE,,FALSE,0,independent,closeable,google_places,ChIJkZU1wJxLW4YRHD-kSo8J6xQ
ChIJexax_TBLW4YR2lKXA8mwMuY,Azul Tequila,"4211 S Lamar Blvd a2, Austin, TX 78704, USA",+1 512-416-9667,https://azultequilatx.com/azullamar,"mexican_restaurant,bar,restaurant,food,point_of_interest,establishment",4.2,574,PRICE_LEVEL_MODERATE,unknown,30.233698,-97.7922,ChIJcz30IE9LW4YRYVS3g5VSz9Y,Tesla Supercharger,30.233400100000000,-97.7914251,81.48185152159210,0.9700220419237150,FALSE,,FALSE,0,independent,closeable,google_places,ChIJcz30IE9LW4YRYVS3g5VSz9Y
ChIJ5z9PXSFkXIYRsKNUXcdT3XY,Bakery Lorraine at the Rim,"17503 La Cantera Pkwy, San Antonio, TX 78257, USA",+1 210-415-4066,http://bakerylorraine.com/,"bakery,breakfast_restaurant,dessert_shop,restaurant,point_of_interest,confectionery,food_store,store,food,establishment",4,702,PRICE_LEVEL_MODERATE,yes,29.607993800000000,-98.5984869,ChIJwQAAByFkXIYRPW_fXcuKztw,Electrify America Charging Station,29.6072782,-98.598034,90.8,1.08,FALSE,,FALSE,0,independent,closeable,google_places,ChIJwQAAByFkXIYRPW_fXcuKztw
ChIJB3n4cyBpXIYRl8gnfbg9PFU,Bakudan Ramen,"11309 Bandera Rd Suite 111, San Antonio, TX 78250, USA",+1 210-277-7740,http://www.bakudanramen.com/,"japanese_restaurant,restaurant,point_of_interest,food,establishment",4.3,276,PRICE_LEVEL_MODERATE,yes,29.548413100000000,-98.6627874,ChIJb7Ot-35oXIYRGRFSz2Le4Gc,EVgo Charging Station,29.548930100000000,-98.6633106,76.6,0.91,FALSE,,FALSE,0,independent,closeable,google_places,ChIJb7Ot-35oXIYRGRFSz2Le4Gc
ChIJm3RadwR2Q4YR9Zhvh9BzcGc,Big Madre Tortas y Tacos - Amigos' Country Corner,"1415 Farm to Market Rd 609, Flatonia, TX 78941, USA",+1 361-865-1000,https://bigmadre.com/,"restaurant,point_of_interest,food,establishment",4.3,1418,,yes,29.6983287,-97.0995919,ChIJ4fbQPwR2Q4YRSKuYAj517wc,Tesla Supercharger,29.6979099,-97.1002468,78.54919879534320,0.935109509468371,FALSE,,FALSE,0,independent,closeable,google_places,"ChIJ4fbQPwR2Q4YRSKuYAj517wc,ChIJ-TuqHgZ2Q4YROXsjRS4ic1c"
ChIJ_3HmBQItW4YRx4J37IYMAqs,Blue Corn Harvest Bar & Grill Cedar Park,"700 E Whitestone Blvd #204, Cedar Park, TX 78613, USA",+1 512-528-0889,http://www.bluecornharvest.com/,"mexican_restaurant,restaurant,food,point_of_interest,establishment",4.5,3452,PRICE_LEVEL_MODERATE,yes,30.522747200000000,-97.821625,ChIJtzzgDAItW4YRf8p5_N7Ny3s,EVgo Charging Station,30.523079200000000,-97.82175510000000,38.96331629417650,0.46384900350210100,FALSE,,FALSE,0,independent,closeable,google_places,"ChIJnaxilcItW4YRJQDLl6n_hD0,ChIJt3szb_4sW4YR-4sz9ZOyyMk,ChIJtzzgDAItW4YRf8p5_N7Ny3s"
ChIJW9ddwhXBW4YRJDl347FsV6g,Blue Oak Trading Co Fredericksburg,"116 N Crockett St, Fredericksburg, TX 78624, USA",+1 830-307-3133,https://www.blueoaktradingcompany.com/,"wine_bar,art_gallery,gift_shop,market,bar,clothing_store,restaurant,point_of_interest,store,food,establishment",5,11,,no,30.277402200000000,-98.8734559,ChIJ_Uwf4WrBW4YRcX_RKaNIVZg,Electric Vehicle Charging Station,30.2779931,-98.87363050000000,67.8,0.81,FALSE,,FALSE,0,independent,closeable,google_places,ChIJ_Uwf4WrBW4YRcX_RKaNIVZg
ChIJ9XyTagBVW4YRuuL49v2LQWI,Bluefin Sushi & Ramen,"151 Evans Dr Suite 111, Kyle, TX 78640, USA",+1 512-256-5286,http://bluefinsushiramen.com/,"asian_restaurant,restaurant,point_of_interest,food,establishment",4,236,PRICE_LEVEL_MODERATE,yes,30.0128834,-97.86240320000000,ChIJd749_h9VW4YRo2JVbrw88f8,Tesla Supercharger,30.013034000000000,-97.8626748,31.1,0.37,FALSE,,FALSE,0,independent,closeable,google_places,ChIJd749_h9VW4YRo2JVbrw88f8
ChIJh9mVLgJjXIYR_oZD1o2i6kw,Books a Whiskey Society,"115 N Loop 1604 E #1105, San Antonio, TX 78232, USA",+1 210-460-3370,http://www.bookssociety.com/,"bar,point_of_interest,establishment",4.4,119,,no,29.6105971,-98.489643,ChIJ1a0ntTNjXIYR24DHYG6wjvw,Tesla Supercharger,29.610496000000000,-98.48867400000000,94.3,1.12,FALSE,,FALSE,0,independent,closeable,google_places,ChIJ1a0ntTNjXIYR24DHYG6wjvw
ChIJmwKLTDinXIYRGX5BpaeGR9c,BRICO's Pizza Kitchen,"4015 I 35 N Frontage Rd unit 320, San Marcos, TX 78666, USA",+1 512-546-3252,http://bricospizzakitchen.com/,"pizza_restaurant,restaurant,food,point_of_interest,establishment",4.9,957,PRICE_LEVEL_INEXPENSIVE,yes,29.823516900000000,-97.986251,ChIJT_fAxdilXIYRAjLLE1pjHYI,Shell Recharge Charging Station,29.8236575,-97.987066,80.2,0.95,FALSE,,FALSE,0,independent,closeable,google_places,"ChIJpY1Ro9ilXIYRTRVqx94UunY,ChIJT_fAxdilXIYRAjLLE1pjHYI"
ChIJqx6qJU9DXIYRqZX0Ez7khSc,Bundteas,"7010 W Loop 1604 N STE 210, San Antonio, TX 78250, USA",+1 210-664-3899,https://www.bundteas.com/,"tea_house,bakery,dessert_shop,confectionery,food_store,wholesaler,store,point_of_interest,food,establishment",4.2,94,,unknown,29.5032905,-98.69933870000000,ChIJp9If44FCXIYRewk-muEG9vw,Tesla Supercharger,29.503735000000000,-98.699356,49.5,0.59,FALSE,,FALSE,0,independent,closeable,google_places,ChIJp9If44FCXIYRewk-muEG9vw
ChIJk_zr39zkQoYR8m4vqr_8FI0,Bush's Chicken - Cuero,"601 E Broadway St, Cuero, TX 77954, USA",+1 361-524-5295,http://bushschicken.com/,"fast_food_restaurant,restaurant,point_of_interest,food,establishment",4.1,297,PRICE_LEVEL_INEXPENSIVE,yes,29.091126300000000,-97.28410440000000,ChIJVVXZOt3kQoYR6_CNY9plmKg,EV Connect Charging Station,29.091254800000000,-97.28468680000000,58.4,0.69,FALSE,,FALSE,0,independent,closeable,google_places,"ChIJVVXZOt3kQoYR6_CNY9plmKg,ChIJYwHcOt3kQoYRkdafMfFbgkY"
ChIJh91qhvy0RIYRBzoQTNhuG-4,Café No Sé,"1603 S Congress Ave, Austin, TX 78704, USA",+1 512-942-2061,https://cafenoseaustin.com/,"cafe,brunch_restaurant,breakfast_restaurant,meal_takeaway,restaurant,food,point_of_interest,establishment",4.5,1474,PRICE_LEVEL_MODERATE,no,30.247111000000000,-97.750424,ChIJ2_MNyg-1RIYRkTEKVh9-5x0,Tesla Supercharger,30.2471801,-97.7500043,41.0,0.49,FALSE,,FALSE,0,independent,closeable,google_places,ChIJ2_MNyg-1RIYRkTEKVh9-5x0
ChIJG04JgYdmXIYRSFBMTlmXGMk,Carlo's Bake Shop,"The Shops at La Cantera, 15900 La Cantera Pkwy, San Antonio, TX 78256, USA",+1 830-321-0131,https://orders.carlosbakery.com/carlos-la-cantera/menu,"bakery,food_store,store,food,point_of_interest,establishment",3.7,910,PRICE_LEVEL_MODERATE,yes,29.592348200000000,-98.61394640000000,ChIJ2fq1YodmXIYR6yFRmrs_gk0,Shell Recharge Charging Station,29.593168500000000,-98.6138845,91.40935058084160,1.0882065545338300,FALSE,,FALSE,0,independent,closeable,google_places,"ChIJVYEd3lFnXIYRp3SYZ5osXII,ChIJ2fq1YodmXIYR6yFRmrs_gk0"
ChIJPXjxpeMsW4YRAaA8R817X2M,Chada Thai,"1335 E Whitestone Blvd Suite T150, Cedar Park, TX 78613, USA",+1 512-260-4165,http://www.chadaatx.com/,"thai_restaurant,asian_restaurant,vegetarian_restaurant,restaurant,food,point_of_interest,establishment",4.1,667,PRICE_LEVEL_MODERATE,yes,30.5299727,-97.8148181,ChIJuzmJiOQsW4YRFATJMd38D68,Shell Recharge Charging Station,30.530032000000000,-97.815229,39.9,0.48,FALSE,,FALSE,0,independent,closeable,google_places,ChIJuzmJiOQsW4YRFATJMd38D68
ChIJlWI5IXy1RIYR7JQ2HSqBzDo,Chapulín Cantina,"1610 S Congress Ave, Austin, TX 78704, USA",+1 512-441-7672,http://chapulincantina.com/,"restaurant,mexican_restaurant,food,point_of_interest,establishment",4.5,433,PRICE_LEVEL_EXPENSIVE,yes,30.247260500000000,-97.7508515,ChIJ2_MNyg-1RIYRkTEKVh9-5x0,Tesla Supercharger,30.2471801,-97.7500043,81.9,0.97,FALSE,,FALSE,0,independent,closeable,google_places,ChIJ2_MNyg-1RIYRkTEKVh9-5x0
ChIJMVGBmgGvRYYR7YXkUGeRpz0,Clem Mikeska's BBQ,"1005 E 1st St, Cameron, TX 76520, USA",+1 254-455-0618,http://www.clembbq.com/,"barbecue_restaurant,restaurant,food,point_of_interest,establishment",3.5,259,,yes,30.847817900000000,-96.96788370000000,ChIJgSDUhgGvRYYR7vLK9YBZiSg,Universal Charging Station,30.848308600000000,-96.9677842,55.4,0.66,FALSE,,FALSE,0,independent,closeable,google_places,ChIJgSDUhgGvRYYR7vLK9YBZiSg
ChIJRal8MQDbRIYRY4v1GU45xL0,Cottonwood Creek Brewery,"610 US-79, Hutto, TX 78634, USA",+1 737-391-9024,https://www.cottonwoodcreekbrewery.com/,"bar_and_grill,steak_house,bar,restaurant,food,point_of_interest,establishment",4.2,295,,yes,30.5421363,-97.55934310000000,ChIJgRL09ajbRIYRCDd-410XklQ,Firestone Complete Auto Care,30.541699300000000,-97.55904710000000,56.25622163569230,0.6697169242344330,FALSE,,FALSE,0,independent,closeable,google_places,"ChIJgRL09ajbRIYRCDd-410XklQ,ChIJ_0qtiqjbRIYRoLvBVhC3CSw"
ChIJ3y7LxqJjXIYRdbAg8Jgi1wY,Cuishe Cocina Mexicana,"115 N Loop 1604 E #1108, San Antonio, TX 78232, USA",+1 210-960-8935,http://www.cuishemx.com/,"mexican_restaurant,restaurant,food,point_of_interest,establishment",4.6,1624,,yes,29.6107215,-98.48955530000000,ChIJ1a0ntTNjXIYR24DHYG6wjvw,Tesla Supercharger,29.610496000000000,-98.48867400000000,88.8,1.06,FALSE,,FALSE,0,independent,closeable,google_places,ChIJ1a0ntTNjXIYR24DHYG6wjvw
ChIJbSv46iQtW4YRVlmJMkYBfJs,Curry Pizza House Cedar Park,"1335 E Whitestone Blvd T-130, Cedar Park, TX 78613, USA",+1 512-528-5219,https://currypizzahouse.com/locations/cedar-park/,"pizza_restaurant,liquor_store,meal_takeaway,store,restaurant,food,point_of_interest,establishment",4.4,732,PRICE_LEVEL_MODERATE,yes,30.529836300000000,-97.8145746,ChIJuzmJiOQsW4YRFATJMd38D68,Shell Recharge Charging Station,30.530032000000000,-97.815229,66.3,0.79,FALSE,,FALSE,0,independent,closeable,google_places,ChIJuzmJiOQsW4YRFATJMd38D68
ChIJ98X7oFfLRIYRYnaPHfz2GaE,"DAM-A, Hot Pot & BBQ AYCE - Austin Hotpot","713 E Huntland Dr, Austin, TX 78752, USA",+1 512-419-1400,https://www.damaaustintx.com/,"asian_restaurant,korean_restaurant,restaurant,point_of_interest,food,establishment",4.6,321,,yes,30.329917500000000,-97.70658280000000,ChIJj7rigCPKRIYRv72j6K8r-8Q,Tesla Supercharger,30.329275,-97.70625900000000,77.9,0.93,FALSE,,FALSE,0,independent,closeable,google_places,ChIJj7rigCPKRIYRv72j6K8r-8Q
ChIJy5q_BlwLW4YRF5L2d1BICx4,El Agave,"111 US-290, Johnson City, TX 78636, USA",+1 830-868-0812,https://el-agave.shop/,"mexican_restaurant,restaurant,food,point_of_interest,establishment",4.1,1042,PRICE_LEVEL_INEXPENSIVE,yes,30.275578000000000,-98.402339,ChIJe5T7GVwLW4YRzP_3HiollWU,Tesla Destination Charger,30.276340000000000,-98.40263500000000,89.4,1.06,FALSE,,FALSE,0,independent,closeable,google_places,"ChIJe5T7GVwLW4YRzP_3HiollWU,ChIJJY4AEgALW4YRG5P5_SQKxbE"
ChIJl5GA5CMtW4YRa2Oy40cXtKA,EurAsia Ramen,"1335 E Whitestone Blvd #110, Cedar Park, TX 78613, USA",+1 512-696-8986,http://www.eurasiaramen.com/,"restaurant,food,point_of_interest,establishment",4.4,738,PRICE_LEVEL_MODERATE,yes,30.529811,-97.81437660000000,ChIJuzmJiOQsW4YRFATJMd38D68,Shell Recharge Charging Station,30.530032000000000,-97.815229,85.3,1.02,FALSE,,FALSE,0,independent,closeable,google_places,ChIJuzmJiOQsW4YRFATJMd38D68
ChIJf_5aylnORIYRx2IYSqeZxN0,FD's Grill House,"15119 N Interstate 35 Frontage Rd, Pflugerville, TX 78660, USA",+1 512-989-3232,https://www.fdaustin.com/,"bar_and_grill,seafood_restaurant,bar,restaurant,point_of_interest,food,establishment",4.4,2971,PRICE_LEVEL_MODERATE,unknown,30.443830500000000,-97.6668648,ChIJLa0zNljORIYRoGXBzCfIX40,Firestone Complete Auto Care,30.4432329,-97.66702580000000,68.2,0.81,FALSE,,FALSE,0,independent,closeable,google_places,ChIJLa0zNljORIYRoGXBzCfIX40
ChIJy79cx85PWoYRIW1EMM8qRBE,Fuel Coffee House,"106 E Main St, Llano, TX 78643, USA",+1 325-247-5272,http://www.fuelcoffeehouse.org/,"coffee_shop,cafe,food_store,store,restaurant,food,point_of_interest,establishment",4.7,426,PRICE_LEVEL_INEXPENSIVE,yes,30.750112000000000,-98.675641,ChIJZ--T9gpPWoYRd6H8kyN9upY,Tesla Supercharger,30.7505243,-98.67487370000000,86.47695305672380,1.029487536389570,FALSE,,FALSE,0,independent,closeable,google_places,ChIJZ--T9gpPWoYRd6H8kyN9upY
ChIJ1W-fv-BnXIYRuOLj1bW8Kro,Gen Korean BBQ House,"11745 I-10 Suite 414, San Antonio, TX 78230, USA",+1 214-396-8746,https://www.genkoreanbbq.com/,"korean_restaurant,restaurant,point_of_interest,food,establishment",4.2,328,PRICE_LEVEL_MODERATE,yes,29.5489614,-98.58174850000000,ChIJ_Q2m-sBnXIYR1zhDFQdh9co,Tesla Supercharger,29.549082000000000,-98.5809067,82.5,0.98,FALSE,,FALSE,0,independent,closeable,google_places,ChIJ_Q2m-sBnXIYR1zhDFQdh9co
ChIJV1yrf4fLRIYRXQUXKn49aJI,Go go wok,"6718 Middle Fiskville Rd Suite A, Austin, TX 78752, USA",+1 737-837-2329,,"restaurant,point_of_interest,food,establishment",0,0,,unknown,30.329319800000000,-97.7067983,ChIJj7rigCPKRIYRv72j6K8r-8Q,Tesla Supercharger,30.329275,-97.70625900000000,52.0,0.62,FALSE,,FALSE,0,independent,closeable,google_places,ChIJj7rigCPKRIYRv72j6K8r-8Q
ChIJi290EPT1XIYRUOtXj_Ofy3s,Green Vegetarian Cuisine -- Alamo Quarry Market,"255 E Basse Rd, San Antonio, TX 78209, USA",+1 210-320-5865,http://eatatgreen.com/,"vegetarian_restaurant,brunch_restaurant,vegan_restaurant,restaurant,food,point_of_interest,establishment",4.5,2038,PRICE_LEVEL_MODERATE,yes,29.497260900000000,-98.4817496,ChIJ-bLnr1_1XIYRc85roJiXl8U,Tesla Supercharger,29.497154,-98.482113,37.1,0.44,FALSE,,FALSE,0,independent,closeable,google_places,ChIJ-bLnr1_1XIYRc85roJiXl8U
ChIJj-S3lK9jXIYR1gcDLefi2fw,Hangar 54 Pizza,"25580 Blanco Rd, San Antonio, TX 78260, USA",+1 210-455-8660,https://hangar54.pizza/location/bigs-210-san-antonio-tx/,"pizza_restaurant,fast_food_restaurant,american_restaurant,restaurant,food,point_of_interest,establishment",0,0,,yes,29.680690100000000,-98.5214639,ChIJa2heFdxiXIYRZ5B6sJF3QHU,ChargePoint Charging Station,29.680895100000000,-98.52137380000000,24.4,0.29,FALSE,,FALSE,0,independent,closeable,google_places,ChIJa2heFdxiXIYRZ5B6sJF3QHU
ChIJS5JOdagLW4YRtWE4F14NDyo,HCC Bar,"101 US-281, Johnson City, TX 78636, USA",+1 830-868-4625,https://thehillcountrycupboard.com/,"bar,point_of_interest,establishment",0,0,,no,30.2768349,-98.4030677,ChIJe5T7GVwLW4YRzP_3HiollWU,Tesla Destination Charger,30.276340000000000,-98.40263500000000,69.0,0.82,FALSE,,FALSE,0,independent,closeable,google_places,"ChIJe5T7GVwLW4YRzP_3HiollWU,ChIJJY4AEgALW4YRG5P5_SQKxbE"
ChIJmfXDU8oLW4YRpGj6tvY7no0,Hill Country Cupboard,"101 US-281 281 Loop, Johnson City, TX 78636, USA",+1 830-868-4625,http://www.thehillcountrycupboard.com/,"american_restaurant,restaurant,food,point_of_interest,establishment",4.1,1274,PRICE_LEVEL_INEXPENSIVE,no,30.2768349,-98.4030677,ChIJe5T7GVwLW4YRzP_3HiollWU,Tesla Destination Charger,30.276340000000000,-98.40263500000000,69.0,0.82,FALSE,,FALSE,0,independent,closeable,google_places,"ChIJe5T7GVwLW4YRzP_3HiollWU,ChIJJY4AEgALW4YRG5P5_SQKxbE"
ChIJrcg9GrG3XIYRpB0H1GVzJ90,It's Just Wings,"1100 I-10, Seguin, TX 78155, USA",+1 469-788-8114,https://locations.itsjustwings.com/tx/seguin/seguin-its-just-wings?utm_source=google&utm_medium=local&utm_campaign=IJW,"meal_delivery,food_delivery,meal_takeaway,restaurant,point_of_interest,food,establishment",2.8,16,PRICE_LEVEL_MODERATE,yes,29.600408,-97.950532,ChIJFTLAoHm3XIYRVsk0S_KwAUY,EV Connect Charging Station,29.6010022,-97.95101900000000,81.13237680082760,0.9658616285812810,FALSE,,FALSE,0,independent,closeable,google_places,"ChIJ1wr2jXm3XIYRUAPAI_bhTkc,ChIJFTLAoHm3XIYRVsk0S_KwAUY"
ChIJHY6aiRUDW4YRg9oevdVE31s,J's Restaurant And Bar,"200 Hi Cir N, Horseshoe Bay, TX 78657, USA",+1 830-598-7867,https://www.hsbresort.com/dining/js-restaurant-bar?utm_source=google&utm_medium=organic&utm_campaign=gbp_listing,"american_restaurant,restaurant,food,point_of_interest,establishment",4.3,103,,yes,30.547014200000000,-98.36001760000000,ChIJeQgU1IQDW4YRWDpwqTF45xw,Tesla Destination Charger,30.546511000000000,-98.360596,78.7,0.94,FALSE,,FALSE,0,independent,closeable,google_places,"ChIJTaqW14QDW4YRHRutffCMWC0,ChIJeQgU1IQDW4YRWDpwqTF45xw"
ChIJLeMigoaJQ4YReLYiY_qp4P4,Jay Dee’z Sports Grill,"2001 State Hwy 71 Unit E, La Grange, TX 78945, USA",+1 979-206-2066,https://www.jaydeezsportsgrill.com/,"restaurant,food,point_of_interest,establishment",4.4,465,PRICE_LEVEL_MODERATE,yes,29.902440000000000,-96.90578100000000,ChIJ5dBCQgeLQ4YRRKSYf6ukvu4,Graviti Charging Station,29.9029812,-96.9054886,66.5,0.79,FALSE,,FALSE,0,independent,closeable,google_places,ChIJ5dBCQgeLQ4YRRKSYf6ukvu4
ChIJJxujkaxDXIYRi8KjesXxfEk,JINYA Ramen Bar - Culebra,"7010 W Loop 1604 N Suite 203, San Antonio, TX 78254, USA",+1 210-251-3213,https://www.jinyaramenbar.com/locations/culebra/?utm_medium=soci&utm_source=gmb,"restaurant,asian_restaurant,ramen_restaurant,japanese_restaurant,point_of_interest,food,establishment",4.9,4039,,yes,29.502932,-98.69947910000000,ChIJp9If44FCXIYRewk-muEG9vw,Tesla Supercharger,29.503735000000000,-98.699356,90.1,1.07,FALSE,,FALSE,0,independent,closeable,google_places,ChIJp9If44FCXIYRewk-muEG9vw
ChIJQwAt7WaoXIYRDjRJiOmWsI0,King of Snacks,"4015 S I-35 South Frontage Rd, San Marcos, TX 78666, USA",+1 210-552-8337,,"restaurant,food,point_of_interest,establishment",3.9,29,,unknown,29.8240775,-97.98732970000000,ChIJpY1Ro9ilXIYRTRVqx94UunY,ChargePoint Charging Station,29.824203,-97.9875612,26.33386953045960,0.3134984467911860,FALSE,,FALSE,0,independent,closeable,google_places,"ChIJpY1Ro9ilXIYRTRVqx94UunY,ChIJT_fAxdilXIYRAjLLE1pjHYI"
ChIJR9qm5gFiXIYRWRbwtBiPjQw,Kirby's Steakhouse,"123 N Loop 1604 E, San Antonio, TX 78232, USA",+1 210-404-2221,https://kirbyssteakhouse.com/san-antonio/,"steak_house,bar_and_grill,bar,american_restaurant,banquet_hall,event_venue,restaurant,food,point_of_interest,establishment",4.6,1019,PRICE_LEVEL_EXPENSIVE,no,29.6099427,-98.4886008,ChIJ1a0ntTNjXIYR24DHYG6wjvw,Tesla Supercharger,29.610496000000000,-98.48867400000000,61.9,0.74,FALSE,,FALSE,0,independent,closeable,google_places,ChIJ1a0ntTNjXIYR24DHYG6wjvw
ChIJm598Nt3kQoYRlAO1qvTra3c,KN Drive-In,"514 E Broadway St, Cuero, TX 77954, USA",+1 361-275-3171,http://kndrivein.com/,"american_restaurant,hamburger_restaurant,diner,fast_food_restaurant,restaurant,point_of_interest,food,establishment",4.3,537,PRICE_LEVEL_INEXPENSIVE,yes,29.092016300000000,-97.28442970000000,ChIJYwHcOt3kQoYRkdafMfFbgkY,Shell Recharge Charging Station,29.091610800000000,-97.2848991,64.13537379679420,0.7635163547237410,FALSE,,FALSE,0,independent,closeable,google_places,"ChIJVVXZOt3kQoYR6_CNY9plmKg,ChIJYwHcOt3kQoYRkdafMfFbgkY"
ChIJ7Zb4MqeVWoYRzzDQ6k5U_sY,KRAVINGS ON KEY,"1502 S Key Ave, Lampasas, TX 76550, USA",+1 512-540-1001,https://www.facebook.com/profile.php?id=61580344288983,"breakfast_restaurant,restaurant,food,point_of_interest,establishment",5,24,,no,31.054942200000000,-98.1787488,ChIJ762vXFOUWoYRbY_Ta8fei0k,Tesla Destination Charger,31.054231000000000,-98.1786905,79.3,0.94,FALSE,,FALSE,0,independent,closeable,google_places,ChIJ762vXFOUWoYRbY_Ta8fei0k
ChIJS1wXepU5RIYRumWpIABhQeA,Laredo Taco Company,"564 TX-21, Caldwell, TX 77836, USA",+1 737-329-5020,https://www.laredotacocompany.com/?utm_source=G&utm_medium=local&utm_campaign=google-local,"restaurant,point_of_interest,food,establishment",3.7,3,,yes,30.537882800000000,-96.6913558,ChIJGWD1s6w5RIYRqxcyKHN2xU8,Tesla Supercharger,30.537758,-96.692015,64.6,0.77,FALSE,,FALSE,0,independent,closeable,google_places,ChIJGWD1s6w5RIYRqxcyKHN2xU8
ChIJQz1e_kxLW4YRKRQH-iXUges,Lee’s Kitchen + Cocktails,"701 S Capital of Texas Hwy Suite G700, Austin, TX 78746, USA",+1 512-256-3918,http://leeskitchenatx.com/,"restaurant,point_of_interest,food,establishment",4.6,178,PRICE_LEVEL_MODERATE,yes,30.289906500000000,-97.8271905,ChIJJ6_0bN1LW4YRg8l9RLePwz8,Tesla Supercharger,30.289800000000000,-97.827474,29.7,0.35,FALSE,,FALSE,0,independent,closeable,google_places,ChIJJ6_0bN1LW4YRg8l9RLePwz8
ChIJwdX0sLxPWoYRlMnXttT9F94,Llano Beer Company,"105 E Main St, Llano, TX 78643, USA",+1 325-268-0103,,"wine_bar,bar,food,point_of_interest,establishment",4.9,112,,unknown,30.7504252,-98.675505,ChIJZ--T9gpPWoYRd6H8kyN9upY,Tesla Supercharger,30.7505243,-98.67487370000000,61.3,0.73,FALSE,,FALSE,0,independent,closeable,google_places,ChIJZ--T9gpPWoYRd6H8kyN9upY
ChIJVUwWTWBlXIYRvjpdHrV7TbM,Los Vecinos,"25315 Fahrenthold Cir, San Antonio, TX 78257, USA",+1 210-926-4541,https://www.losvecinossanantonio.com/,"mexican_restaurant,restaurant,point_of_interest,food,establishment",4.8,50,,no,29.676448800000000,-98.6340635,ChIJ6zXeW4JmXIYRjZcOtBMGzow,Shell Recharge Charging Station,29.675768,-98.634558,89.5,1.07,FALSE,,FALSE,0,independent,closeable,google_places,ChIJ6zXeW4JmXIYRjZcOtBMGzow
ChIJheQ7pn1mXIYRINFYZM0fk2s,Luciano Ristorante Italiano - La Cantera,"15900 La Cantera Pkwy, San Antonio, TX 78256, USA",+1 210-641-1511,https://lucianolacantera.com/,"italian_restaurant,pizza_restaurant,meal_delivery,food_delivery,restaurant,food,point_of_interest,establishment",4.3,1151,PRICE_LEVEL_MODERATE,yes,29.592690700000000,-98.6135733,ChIJ2fq1YodmXIYR6yFRmrs_gk0,Shell Recharge Charging Station,29.593168500000000,-98.6138845,61.05809842111630,0.7268821240609090,FALSE,,FALSE,0,independent,closeable,google_places,"ChIJVYEd3lFnXIYRp3SYZ5osXII,ChIJ2fq1YodmXIYR6yFRmrs_gk0"
ChIJEU9CXNq1RIYRWTv3dLfnxPU,Maie Day,"1603 S Congress Ave, Austin, TX 78704, USA",+1 512-524-2235,https://www.maieday.com/,"steak_house,brunch_restaurant,bar_and_grill,bar,restaurant,food,point_of_interest,establishment",4.3,397,,no,30.247684400000000,-97.7501144,ChIJ2_MNyg-1RIYRkTEKVh9-5x0,Tesla Supercharger,30.2471801,-97.7500043,57.06418652146460,0.6793355538269590,FALSE,,FALSE,0,independent,closeable,google_places,ChIJ2_MNyg-1RIYRkTEKVh9-5x0
ChIJh91qhvy0RIYRqlF6u8rGJ3M,Mañana,"1603 S Congress Ave, Austin, TX 78704, USA",+1 512-872-3144,https://mananaaustin.com/,"coffee_shop,breakfast_restaurant,cafe,bakery,food_store,store,restaurant,food,point_of_interest,establishment",4.4,729,PRICE_LEVEL_MODERATE,yes,30.2473651,-97.7501159,ChIJ2_MNyg-1RIYRkTEKVh9-5x0,Tesla Supercharger,30.2471801,-97.7500043,23.196673013588700,0.2761508692093890,FALSE,,FALSE,0,independent,closeable,google_places,ChIJ2_MNyg-1RIYRkTEKVh9-5x0
ChIJMa_0P921RIYRo1JRRB2390Q,Mañana Coffee,"111 Sandra Muraida Way suite #101, Austin, TX 78703, USA",+1 512-684-1001,https://mananacoffee.com/,"coffee_shop,wine_bar,breakfast_restaurant,cafe,food_store,restaurant,food,bar,store,point_of_interest,establishment",4.3,205,PRICE_LEVEL_INEXPENSIVE,yes,30.267353700000000,-97.7545193,ChIJy4IHtRG1RIYRU8eyx2-NRrQ,ChargePoint Charging Station,30.266969100000000,-97.7543712,45.06873988161180,0.5365326176382350,FALSE,,FALSE,0,independent,closeable,google_places,ChIJy4IHtRG1RIYRU8eyx2-NRrQ
ChIJ8WOVRwBlXIYRqhSvwVVDnjw,Mariscos el mini,"25307 Fahrenthold Cir, San Antonio, TX 78257, USA",+1 210-853-9580,,"seafood_restaurant,restaurant,point_of_interest,food,establishment",4.9,25,,no,29.676015400000000,-98.63387810000000,ChIJ6zXeW4JmXIYRjZcOtBMGzow,Shell Recharge Charging Station,29.675768,-98.634558,71.2,0.85,FALSE,,FALSE,0,independent,closeable,google_places,ChIJ6zXeW4JmXIYRjZcOtBMGzow
ChIJ30MiPRJjXIYRo-Kq-p3HRww,Mary's Grill,"18326 Tuscany Stone, San Antonio, TX 78258, USA",+1 210-719-6421,,"restaurant,food,point_of_interest,establishment",4.3,72,,unknown,29.6109962,-98.4889283,ChIJ1a0ntTNjXIYR24DHYG6wjvw,Tesla Supercharger,29.610496000000000,-98.48867400000000,60.8,0.72,FALSE,,FALSE,0,independent,closeable,google_places,ChIJ1a0ntTNjXIYR24DHYG6wjvw
ChIJewYi1jXPRIYRDwkTb3ve5MM,MasFajitas Restaurant,"15119 N Interstate 35 Frontage Rd, Pflugerville, TX 78660, USA",+1 512-989-3232,http://www.masfajitas.com/,"mexican_restaurant,restaurant,point_of_interest,food,establishment",4.4,297,,yes,30.4438458,-97.6669694,ChIJLa0zNljORIYRoGXBzCfIX40,Firestone Complete Auto Care,30.4432329,-97.66702580000000,68.4,0.81,FALSE,,FALSE,0,independent,closeable,google_places,ChIJLa0zNljORIYRoGXBzCfIX40
ChIJ8dleEv0sW4YRbkGaX1vWGms,Menchie's Frozen Yogurt,"909 E Whitestone Blvd, Cedar Park, TX 78613, USA",+1 512-986-7086,https://www.menchies.com/locations/frozen-yogurt-cedar-park-town-center-tx,"dessert_restaurant,ice_cream_shop,dessert_shop,confectionery,bakery,food_store,catering_service,store,food_delivery,restaurant,food,point_of_interest,wholesaler,establishment",4.2,156,PRICE_LEVEL_INEXPENSIVE,yes,30.524920000000000,-97.81953,ChIJnaxilcItW4YRJQDLl6n_hD0,Tesla Supercharger,30.5257647,-97.8194683,94.1,1.12,FALSE,,FALSE,0,independent,closeable,google_places,"ChIJleJ5suIsW4YRiY7MM6waiIg,ChIJtzzgDAItW4YRf8p5_N7Ny3s,ChIJt3szb_4sW4YR-4sz9ZOyyMk,ChIJnaxilcItW4YRJQDLl6n_hD0"
ChIJHdDRKRRlXIYRJTR5Hs9ey_g,Merit Coffee,"24175 I-10 #110, San Antonio, TX 78257, USA",+1 210-530-4349,https://meritcoffee.com/,"cafe,coffee_shop,food_store,point_of_interest,food,store,establishment",4.4,470,PRICE_LEVEL_INEXPENSIVE,yes,29.666038200000000,-98.6326363,ChIJMXoRapJlXIYRFMyO__EUhW0,Tesla Supercharger,29.666334,-98.6332025,63.8,0.76,FALSE,,FALSE,0,independent,closeable,google_places,ChIJMXoRapJlXIYRFMyO__EUhW0
ChIJ66Db5gFiXIYRG_k-15eUeic,Mickey Mantle's Steakhouse,"123 N Loop 1604 E, San Antonio, TX 78232, USA",+1 210-404-2221,https://mickeymantlesteakhouse.com/other-mickeys-locations/,"restaurant,food,point_of_interest,establishment",3,2,,no,29.6099427,-98.4886008,ChIJ1a0ntTNjXIYR24DHYG6wjvw,Tesla Supercharger,29.610496000000000,-98.48867400000000,61.9,0.74,FALSE,,FALSE,0,independent,closeable,google_places,ChIJ1a0ntTNjXIYR24DHYG6wjvw
ChIJn-pEl3JARYYRPDx6s_qGkmo,Miller's Smokehouse,"300 E Central Ave, Belton, TX 76513, USA",+1 254-939-5500,http://www.millerssmokehouse.com/,"barbecue_restaurant,coffee_shop,breakfast_restaurant,cafe,bakery,food_store,restaurant,food,store,point_of_interest,establishment",4.7,3267,PRICE_LEVEL_MODERATE,no,31.056148,-97.461608,ChIJsaqa6XJARYYR2AdB408IMhs,FLO Charging Station,31.056513,-97.461252,52.888636959714300,0.6296266304727900,FALSE,,FALSE,0,independent,closeable,google_places,"ChIJlbEEXQBBRYYRHhk3u7iI5FI,ChIJsaqa6XJARYYR2AdB408IMhs"
ChIJPcHEw1EtW4YRR3oLDJrsczg,MLB Ballpark Bites,"800 E Whitestone Blvd, Cedar Park, TX 78613, USA",+1 888-672-8352,,"american_restaurant,restaurant,food,point_of_interest,establishment",0,0,PRICE_LEVEL_INEXPENSIVE,unknown,30.522985800000000,-97.82128930000000,ChIJtzzgDAItW4YRf8p5_N7Ny3s,EVgo Charging Station,30.523079200000000,-97.82175510000000,45.809956653235100,0.5453566268242270,FALSE,,FALSE,0,independent,closeable,google_places,"ChIJleJ5suIsW4YRiY7MM6waiIg,ChIJtzzgDAItW4YRf8p5_N7Ny3s,ChIJt3szb_4sW4YR-4sz9ZOyyMk,ChIJnaxilcItW4YRJQDLl6n_hD0"
ChIJ1ZPss1GzRIYR_MFrhbj0GfA,Mornin' Donut,"6501 S Congress Ave Ste 2-203, Austin, TX 78745, USA",+1 512-394-5609,,"donut_shop,bakery,food_store,point_of_interest,food,store,establishment",4.7,366,PRICE_LEVEL_INEXPENSIVE,no,30.1955265,-97.7772743,ChIJ5wPFqlGzRIYR-aaISLZySUk,EVgo Charging Station,30.1963185,-97.77704040000000,90.9,1.08,FALSE,,FALSE,0,independent,closeable,google_places,ChIJ5wPFqlGzRIYR-aaISLZySUk
ChIJm4FCsbVLW4YROYdCHI2vVq8,Muse Fusion + Sushi,"4211 S Lamar Blvd Suite A-3, Austin, TX 78704, USA",+1 512-291-3637,http://www.musefusionsushiatx.com/,"restaurant,food,point_of_interest,establishment",4.4,232,PRICE_LEVEL_MODERATE,yes,30.2337094,-97.7922174,ChIJcz30IE9LW4YRYVS3g5VSz9Y,Tesla Supercharger,30.233400100000000,-97.7914251,83.5,0.99,FALSE,,FALSE,0,independent,closeable,google_places,ChIJcz30IE9LW4YRYVS3g5VSz9Y
ChIJZ2263XJARYYRwFfty2Avo7c,Narunya's,"316 E Central Ave, Belton, TX 76513, USA",+1 254-613-5244,https://narunyasbelton.com/?utm_source=google,"thai_restaurant,asian_restaurant,vegetarian_restaurant,catering_service,food_delivery,food_store,restaurant,food,store,point_of_interest,establishment",4.5,936,PRICE_LEVEL_MODERATE,yes,31.055796800000000,-97.4610628,ChIJlbEEXQBBRYYRHhk3u7iI5FI,FLO Charging Station,31.055705600000000,-97.4618709,77.6,0.92,FALSE,,FALSE,0,independent,closeable,google_places,"ChIJlbEEXQBBRYYRHhk3u7iI5FI,ChIJsaqa6XJARYYR2AdB408IMhs"
ChIJVQ8nJMZhXIYRMhlIdEkOeBA,Novo Brazil Brewing - San Antonio,"7400 San Pedro Ave Ste 1635, San Antonio, TX 78216, USA",+1 210-816-6650,https://www.novobrew.com/,"bar,point_of_interest,establishment",4.6,82,,yes,29.5181851,-98.49560270000000,ChIJUe4mdghgXIYRrRI94IU_jsk,Shell Recharge Charging Station,29.5185985,-98.49527650000000,55.8,0.66,FALSE,,FALSE,0,independent,closeable,google_places,ChIJUe4mdghgXIYRrRI94IU_jsk
ChIJR1JxEaQLW4YRTuhVlPr6Gs8,Old 290 Brewery & Restaurant,"4064 US-290, Johnson City, TX 78636, USA",+1 855-609-3484,https://www.cartercreek.com/,"restaurant,wine_bar,barbecue_restaurant,bar,event_venue,point_of_interest,food,establishment",4.6,449,PRICE_LEVEL_MODERATE,no,30.261222100000000,-98.48051390000000,ChIJx928FqkKW4YR8JgtoTggZ7g,SWTCH Charging Station,30.2606006,-98.4804004,69.96211249996820,0.8328822916662880,FALSE,,FALSE,0,independent,closeable,google_places,ChIJx928FqkKW4YR8JgtoTggZ7g
ChIJke_4iPy0RIYRVz6Ttf70Y78,OTOKO,"1603 S Congress Ave, Austin, TX 78704, USA",+1 512-994-0428,https://otokoaustin.com/,"japanese_restaurant,sushi_restaurant,seafood_restaurant,fine_dining_restaurant,restaurant,food,point_of_interest,establishment",4.6,418,PRICE_LEVEL_VERY_EXPENSIVE,no,30.247543700000000,-97.7502607,ChIJ2_MNyg-1RIYRkTEKVh9-5x0,Tesla Supercharger,30.2471801,-97.7500043,47.3,0.56,FALSE,,FALSE,0,independent,closeable,google_places,ChIJ2_MNyg-1RIYRkTEKVh9-5x0
ChIJNUy7KUZBRYYRUQqeCc8C4vU,Pastarico,"316 E Central Ave Suite B, Belton, TX 76513, USA",+1 254-613-4104,https://www.pastaricotx.com/,"restaurant,food,point_of_interest,establishment",4.3,38,PRICE_LEVEL_MODERATE,yes,31.056017000000000,-97.4609771,ChIJsaqa6XJARYYR2AdB408IMhs,FLO Charging Station,31.056513,-97.461252,61.05345078776470,0.7268267950924370,FALSE,,FALSE,0,independent,closeable,google_places,"ChIJlbEEXQBBRYYRHhk3u7iI5FI,ChIJsaqa6XJARYYR2AdB408IMhs"
ChIJCcyM1XSmXIYROEI9TMw8o7w,Phil's Philly Grill,"3939 S I-35 South Frontage Rd, San Marcos, TX 78666, USA",+1 512-392-7445,http://philsphillygrill.com/,"american_restaurant,restaurant,point_of_interest,food,establishment",3.8,250,PRICE_LEVEL_INEXPENSIVE,yes,29.826911800000000,-97.9811524,ChIJ15wOuAqmXIYRMCTUFOJHxzs,Electrify America Charging Station,29.826760000000000,-97.98034,80.16552610351670,0.9543515012323420,FALSE,,FALSE,0,independent,closeable,google_places,"ChIJYw7P4wqmXIYRnI6ejyf12TA,ChIJL1YAZRGnXIYReRPLic74yN8,ChIJ15wOuAqmXIYRMCTUFOJHxzs"
ChIJLzntlpxLW4YRibFtdVFYW74,Pho Thaison,"3601 W William Cannon Dr #250, Austin, TX 78749, USA",+1 512-892-8777,https://www.phothaison.com/,"restaurant,vietnamese_restaurant,sushi_restaurant,japanese_restaurant,food,point_of_interest,establishment",4.1,474,PRICE_LEVEL_INEXPENSIVE,yes,30.2148427,-97.8330905,ChIJkZU1wJxLW4YRHD-kSo8J6xQ,Firestone Complete Auto Care,30.2145032,-97.8325885,61.3,0.73,FALSE,,FALSE,0,independent,closeable,google_places,ChIJkZU1wJxLW4YRHD-kSo8J6xQ
ChIJ0alpcOQsW4YRuqyHJQ3nzeg,Pho Thanh Nhi (Vietnamese Food),"1335 E Whitestone Blvd T100, Cedar Park, TX 78613, USA",+1 512-260-6363,https://microsite.talech.com/ordering/THANH-NHI-VIETNAMESE-RESTAURANT-CEDAR-PARK-TX/454820,"vietnamese_restaurant,restaurant,food,point_of_interest,establishment",4.4,811,PRICE_LEVEL_INEXPENSIVE,yes,30.5298898,-97.81428320000000,ChIJuzmJiOQsW4YRFATJMd38D68,Shell Recharge Charging Station,30.530032000000000,-97.815229,92.0,1.09,FALSE,,FALSE,0,independent,closeable,google_places,ChIJuzmJiOQsW4YRFATJMd38D68
ChIJm9HyQBu1RIYRjNu0JZnNP-U,Pinthouse Brewing,"2201 E Ben White Blvd, Austin, TX 78741, USA",+1 512-717-0873,https://pinthouse.com/?olonwp=JjBtp_vMLk25gkYh_bnoiQ,"pub,bar,restaurant,food,point_of_interest,establishment",4.7,1747,PRICE_LEVEL_MODERATE,yes,30.215380800000000,-97.7423669,ChIJdbvdZIe0RIYRF3wQlpJgjdY,Tesla Supercharger,30.214916000000000,-97.74215100000000,55.69153659069190,0.6629944832225230,FALSE,,FALSE,0,independent,closeable,google_places,ChIJdbvdZIe0RIYRF3wQlpJgjdY
ChIJOwAo3gxLW4YREcJpxCZ2cnc,Poke Austin,"5601 Brodie Ln Suite 1200 A, Sunset Valley, TX 78745, USA",+1 737-383-9686,http://www.pokeaustin.net/,"japanese_restaurant,liquor_store,asian_restaurant,american_restaurant,restaurant,point_of_interest,food,store,establishment",4.4,951,PRICE_LEVEL_MODERATE,yes,30.226672600000000,-97.8212621,ChIJB6V5yAxLW4YRNhJ9RcabMns,EVgo Charging Station,30.2261163,-97.82171700000000,75.7,0.9,FALSE,,FALSE,0,independent,closeable,google_places,"ChIJ2Um53XdLW4YRFBnBkfJKFJA,ChIJB6V5yAxLW4YRNhJ9RcabMns"
ChIJgeY3RvSDXIYRLJ9QXGk9qlY,Popcorn Friday,"213 E Central Ave, Belton, TX 76513, USA",+1 254-831-3032,http://www.popcornfriday.com/,"gift_shop,ice_cream_shop,bakery,dessert_shop,coffee_shop,cafe,confectionery,food_store,food,store,point_of_interest,establishment",4.7,123,,yes,31.0559061,-97.4624214,ChIJlbEEXQBBRYYRHhk3u7iI5FI,FLO Charging Station,31.055705600000000,-97.4618709,56.98144476158020,0.6783505328759550,FALSE,,FALSE,0,independent,closeable,google_places,"ChIJlbEEXQBBRYYRHhk3u7iI5FI,ChIJsaqa6XJARYYR2AdB408IMhs"
ChIJ3ypbNizTRIYRKCA1YNc2iuM,Red Horn Coffee House and Brewing Co.,"13010 W Parmer Ln #800, Cedar Park, TX 78613, USA",+1 512-986-7038,http://www.redhornbrew.com/,"restaurant,pub,tea_house,coffee_shop,cafe,bar,food_store,store,point_of_interest,food,establishment",4.7,2088,PRICE_LEVEL_MODERATE,yes,30.533823100000000,-97.78082840000000,ChIJTXFiyS3TRIYRPc8cFffCs0g,Firestone Complete Auto Care,30.534520800000000,-97.7806221,80.05722753633380,0.953062232575403,FALSE,,FALSE,0,independent,closeable,google_places,"ChIJTXFiyS3TRIYRPc8cFffCs0g,ChIJiVFl1yzTRIYR2bGSkpfvo8E"
ChIJ3YPsxvPBW4YR3rpoMIg4f4U,Revive Organics,"Revive Organics, 102 E Ufer St, Fredericksburg, TX 78624, USA",+1 830-307-3142,http://reviveorganicstx.com/,"juice_shop,acai_shop,brazilian_restaurant,grocery_store,coffee_shop,cafe,restaurant,food_store,point_of_interest,food,store,establishment",4.9,112,PRICE_LEVEL_MODERATE,yes,30.2718893,-98.8749639,ChIJVVey5lXAW4YR-Yhms36i-So,Shell Recharge Charging Station,30.271556,-98.875348,52.28892419417670,0.6224871927878180,FALSE,,FALSE,0,independent,closeable,google_places,ChIJVVey5lXAW4YR-Yhms36i-So
ChIJB-HGzfj1XIYRAuz5RyquDeA,Roadmap Brewing Co.,"723 N Alamo St, San Antonio, TX 78215, USA",+1 210-254-9962,http://www.roadmapbrewing.com/,"coffee_shop,cafe,pub,bar,food_store,restaurant,point_of_interest,food,store,establishment",4.7,496,,yes,29.4318176,-98.4820635,ChIJwTHxyPj1XIYR5pzv0EGjPeQ,Tesla Supercharger,29.432173,-98.48268,71.59844051725880,0.8523623871102230,FALSE,,FALSE,0,independent,closeable,google_places,ChIJwTHxyPj1XIYR5pzv0EGjPeQ
ChIJBxPymXnWRIYRdSJRH-TLC9M,Ruby Garden,"1013 W University Ave #320, Georgetown, TX 78628, USA",+1 512-591-7809,http://rubygardengtx.com/,"vietnamese_restaurant,asian_restaurant,meal_takeaway,chinese_restaurant,restaurant,food,point_of_interest,establishment",4.2,404,PRICE_LEVEL_INEXPENSIVE,yes,30.6314243,-97.69383910000000,ChIJq53QKN3XRIYRbd1hx4QFQuM,Tesla Supercharger,30.632094000000000,-97.69406800000000,77.6,0.92,FALSE,,FALSE,0,independent,closeable,google_places,ChIJq53QKN3XRIYRbd1hx4QFQuM
ChIJxbfJlaU1XIYRlIevp3w6k1s,San Juan Mexican Restaurant,"21561 FM471, Natalia, TX 78059, USA",+1 830-227-0164,,"mexican_restaurant,restaurant,food,point_of_interest,establishment",4.5,215,,yes,29.1858468,-98.8450364,ChIJQ6BpTtM1XIYRpnP2zHqSjgo,"Chubby's Travel Center, Valero Gas Station",29.1856082,-98.84480860000000,34.5,0.41,FALSE,,FALSE,0,independent,closeable,google_places,ChIJQ6BpTtM1XIYRpnP2zHqSjgo
ChIJn7z71cy8XIYR1qLqwnlpCA4,Sea Island Shrimp House,"154 Creekside Crossing, New Braunfels, TX 78130, USA",+1 830-387-4809,https://www.shrimphouse.com/,"seafood_restaurant,restaurant,food,point_of_interest,establishment",4.3,3099,PRICE_LEVEL_MODERATE,yes,29.726905800000000,-98.07657620000000,ChIJJ8fg0jKjXIYR0dNF4iP833k,Mercedes-Benz Charging Station,29.727556,-98.07705800000000,85.97409371364190,1.0235011156385900,FALSE,,FALSE,0,independent,closeable,google_places,"ChIJ6XWG0cC9XIYRq-MU6Xd7Vyw,ChIJJ8fg0jKjXIYR0dNF4iP833k"
ChIJk1WsfiPKRIYRgQahEgoq4Go,Shanghai Chinese Restaurant,"6718 Middle Fiskville Rd, Austin, TX 78752, USA",+1 512-458-8088,https://www.dimsumshanghai.com/,"asian_restaurant,chinese_restaurant,restaurant,point_of_interest,food,establishment",3.9,911,PRICE_LEVEL_MODERATE,no,30.3293008,-97.7067817,ChIJj7rigCPKRIYRv72j6K8r-8Q,Tesla Supercharger,30.329275,-97.70625900000000,50.2,0.6,FALSE,,FALSE,0,independent,closeable,google_places,ChIJj7rigCPKRIYRv72j6K8r-8Q
ChIJMyvzTbm1RIYRzmxb8SWn7Tk,Sips & Sweets,"1701 S Congress Ave, Austin, TX 78704, USA",+1 512-795-4967,https://www.kendrascott.com/stores/directory/store?StoreID=265154,"cafe,bakery,dessert_shop,coffee_shop,confectionery,food_store,food,store,point_of_interest,establishment",4.2,17,,yes,30.246791300000000,-97.7503494,ChIJ2_MNyg-1RIYRkTEKVh9-5x0,Tesla Supercharger,30.2471801,-97.7500043,54.47873371912970,0.6485563537991630,FALSE,,FALSE,0,independent,closeable,google_places,ChIJ2_MNyg-1RIYRkTEKVh9-5x0
ChIJT_i0oHnWRIYRr2iFtZe9wek,Smokey Mo's BBQ,"1013 W University Ave Suite 310, Georgetown, TX 78628, USA",+1 512-930-1212,https://smokeymosbbq.com/,"barbecue_restaurant,breakfast_restaurant,food_store,store,restaurant,food,point_of_interest,establishment",4.2,582,PRICE_LEVEL_MODERATE,yes,30.6315077,-97.6939448,ChIJq53QKN3XRIYRbd1hx4QFQuM,Tesla Supercharger,30.632094000000000,-97.69406800000000,66.3,0.79,FALSE,,FALSE,0,independent,closeable,google_places,ChIJq53QKN3XRIYRbd1hx4QFQuM
ChIJRYa0335GW4YRQfQIF9nWxJg,Solutions Pharmacy,"13830 Sawyer Ranch Rd #104, Dripping Springs, TX 78620, USA",+1 512-382-9381,http://solutionsrxaustin.com/,"pharmacy,coffee_shop,cafe,food_store,store,food,point_of_interest,health,establishment",4.8,236,,yes,30.194840000000000,-97.998545,ChIJw8yjxX5GW4YRtnHhLVOGEoQ,Tesla Supercharger,30.195513,-97.998215,81.3,0.97,FALSE,,FALSE,0,independent,closeable,google_places,ChIJw8yjxX5GW4YRtnHhLVOGEoQ
ChIJ5RJ3OP0sW4YRywIYK3cY_e4,Sushi Fever,"905 E Whitestone Blvd, Cedar Park, TX 78613, USA",+1 512-259-1010,http://www.sushifevertx.com/,"sushi_restaurant,japanese_restaurant,restaurant,food,point_of_interest,establishment",4.6,1167,PRICE_LEVEL_MODERATE,no,30.5253278,-97.8201694,ChIJnaxilcItW4YRJQDLl6n_hD0,Tesla Supercharger,30.5257647,-97.8194683,82.9,0.99,FALSE,,FALSE,0,independent,closeable,google_places,"ChIJleJ5suIsW4YRiY7MM6waiIg,ChIJtzzgDAItW4YRf8p5_N7Ny3s,ChIJt3szb_4sW4YR-4sz9ZOyyMk,ChIJnaxilcItW4YRJQDLl6n_hD0"
ChIJuThHHPjbRIYR1KFzrQwyjf0,Taco Palenque Hutto,"2722 FM 685, Hutto, TX 78634, USA",+1 512-243-5142,https://tacopalenque.com/,"mexican_restaurant,restaurant,point_of_interest,food,establishment",4.1,222,PRICE_LEVEL_MODERATE,yes,30.5035736,-97.5810858,ChIJVyDvKtPbRIYRV6nfph_Tyoo,Tesla Supercharger,30.5028119,-97.58090300000000,86.5,1.03,FALSE,,FALSE,0,independent,closeable,google_places,ChIJVyDvKtPbRIYRV6nfph_Tyoo
ChIJIw0kMmxxXIYRQ9pOMbPcb_w,Tacos Losoya,"8 Cascade Cavern, Boerne, TX 78015, USA",+1 210-294-2769,,"restaurant,point_of_interest,food,establishment",4.3,121,PRICE_LEVEL_INEXPENSIVE,no,29.756938900000000,-98.70397180000000,ChIJcapIYwBxXIYReO4ToLvBATY,ZEF Charging Station,29.757334400000000,-98.7037148,50.5,0.6,FALSE,,FALSE,0,independent,closeable,google_places,ChIJcapIYwBxXIYReO4ToLvBATY
ChIJpZL9RKllXIYRSrt96cioq2g,Tacos y Pollos Losoya’s Express,"25311 Fahrenthold Cir, San Antonio, TX 78257, USA",+1 210-900-6644,,"mexican_restaurant,restaurant,point_of_interest,food,establishment",4.6,51,PRICE_LEVEL_INEXPENSIVE,no,29.676265200000000,-98.6340003,ChIJ6zXeW4JmXIYRjZcOtBMGzow,Shell Recharge Charging Station,29.675768,-98.634558,77.2,0.92,FALSE,,FALSE,0,independent,closeable,google_places,ChIJ6zXeW4JmXIYRjZcOtBMGzow
ChIJa0KViJRLW4YRgcfJud46yhA,Tandoori Lounge + Bar (Indian Cuisine),"3601 W William Cannon Dr #450, Austin, TX 78749, USA",+1 512-608-4013,http://tandooriloungetx.com/,"indian_restaurant,restaurant,food,point_of_interest,establishment",4.8,2862,PRICE_LEVEL_MODERATE,yes,30.2148546,-97.83331280000000,ChIJkZU1wJxLW4YRHD-kSo8J6xQ,Firestone Complete Auto Care,30.2145032,-97.8325885,79.8,0.95,FALSE,,FALSE,0,independent,closeable,google_places,ChIJkZU1wJxLW4YRHD-kSo8J6xQ
ChIJfyG_PvWTXIYRXuYeSOV3V5g,TAQUITOS TEPA,"PARKING LOT OF HEB PLUS! Across Curbside, 17460 I-35 N, Schertz, TX 78154, USA",+1 210-550-8008,,"mexican_restaurant,restaurant,food,point_of_interest,establishment",4.9,1342,PRICE_LEVEL_INEXPENSIVE,yes,29.598046500000000,-98.27570780000000,ChIJQ5WhZA2TXIYRsf57Q6H-Qho,Tesla Supercharger,29.5984763,-98.27603840000000,57.5,0.68,FALSE,,FALSE,0,independent,closeable,google_places,ChIJQ5WhZA2TXIYRsf57Q6H-Qho
ChIJ5-R59i1rRYYRQxgeVp5fPfc,The Burger Den,"1420 SW H K Dodgen Loop, Temple, TX 76504, USA",+1 254-598-2658,https://www.theburgerden.com/?utm_source=G&utm_medium=organic&utm_campaign=DAC,"restaurant,point_of_interest,food,establishment",3.6,23,PRICE_LEVEL_MODERATE,yes,31.075114100000000,-97.3706749,ChIJveI8NQBrRYYRBffgc0r6twU,Universal Charging Station,31.075019500000000,-97.37010610000000,55.2,0.66,FALSE,,FALSE,0,independent,closeable,google_places,ChIJveI8NQBrRYYRBffgc0r6twU
ChIJrzsiEerlQoYRTr_g_ZcscEg,The EVthing,"511 E Broadway St, Cuero, TX 77954, USA",+1 361-799-4016,https://evthing.com/?utm_source=google,"american_restaurant,hamburger_restaurant,sandwich_shop,restaurant,point_of_interest,food,establishment",4.6,219,PRICE_LEVEL_MODERATE,yes,29.0914186,-97.28452820000000,ChIJVVXZOt3kQoYR6_CNY9plmKg,EV Connect Charging Station,29.091254800000000,-97.28468680000000,23.9,0.28,FALSE,,FALSE,0,independent,closeable,google_places,"ChIJVVXZOt3kQoYR6_CNY9plmKg,ChIJYwHcOt3kQoYRkdafMfFbgkY"
ChIJjduTQYVrRYYRkdH_tm-etnU,The Meltdown,"1420 SW H K Dodgen Loop, Temple, TX 76504, USA",+1 254-598-2658,https://themeltdown.com/?utm_source=G&utm_medium=organic&utm_campaign=DAC,"sandwich_shop,restaurant,point_of_interest,food,establishment",4.3,3,PRICE_LEVEL_MODERATE,yes,31.075104,-97.37064900000000,ChIJveI8NQBrRYYRBffgc0r6twU,Universal Charging Station,31.075019500000000,-97.37010610000000,52.6,0.63,FALSE,,FALSE,0,independent,closeable,google_places,ChIJveI8NQBrRYYRBffgc0r6twU
ChIJU6RzyN71XIYRkBAcQeJbVeA,The Shakti Yoga Training Center,"701 N Alamo St, San Antonio, TX 78215, USA",+1 210-313-6750,https://texasyogaschool.com/,"yoga_studio,fitness_center,gym,sports_complex,sports_activity_location,health,point_of_interest,establishment",5,1,,yes,29.431524400000000,-98.482746,ChIJwTHxyPj1XIYR5pzv0EGjPeQ,Tesla Supercharger,29.432173,-98.48268,72.4,0.86,FALSE,,FALSE,0,independent,closeable,google_places,ChIJwTHxyPj1XIYR5pzv0EGjPeQ
ChIJc7fC-P0sW4YRwnZhgWKwURs,ThunderCloud Subs,"700 E Whitestone Blvd b200, Cedar Park, TX 78613, USA",+1 512-259-8815,http://thundercloud.com/,"sandwich_shop,deli,meal_takeaway,restaurant,food_store,point_of_interest,food,store,establishment",4.5,439,PRICE_LEVEL_INEXPENSIVE,yes,30.52253,-97.82217,ChIJtzzgDAItW4YRf8p5_N7Ny3s,EVgo Charging Station,30.523079200000000,-97.82175510000000,72.86108624145810,0.8673938838268830,FALSE,,FALSE,0,independent,closeable,google_places,"ChIJt3szb_4sW4YR-4sz9ZOyyMk,ChIJtzzgDAItW4YRf8p5_N7Ny3s,ChIJleJ5suIsW4YRiY7MM6waiIg,ChIJnaxilcItW4YRJQDLl6n_hD0"
ChIJ2_qq3gFiXIYRuvG19oaKOjI,Tiff's Treats Cookie Delivery,"139 N Loop 1604 E #102, San Antonio, TX 78232, USA",+1 210-318-2817,https://www.cookiedelivery.com/,"bakery,gift_shop,dessert_shop,confectionery,food_store,store,point_of_interest,food,establishment",4.4,177,PRICE_LEVEL_INEXPENSIVE,yes,29.609957600000000,-98.4880503,ChIJ1a0ntTNjXIYR24DHYG6wjvw,Tesla Supercharger,29.610496000000000,-98.48867400000000,85.0,1.01,FALSE,,FALSE,0,independent,closeable,google_places,ChIJ1a0ntTNjXIYR24DHYG6wjvw
ChIJ9ftXF6dBRYYRVSRVQzIgXLw,Toast&Tea,"316 E Central Ave Suite B, Belton, TX 76513, USA",+1 254-613-4494,,"breakfast_restaurant,brunch_restaurant,tea_house,dessert_shop,bakery,confectionery,food_store,restaurant,food,store,point_of_interest,establishment",4.4,342,PRICE_LEVEL_MODERATE,yes,31.056017000000000,-97.4609771,ChIJsaqa6XJARYYR2AdB408IMhs,FLO Charging Station,31.056513,-97.461252,61.05345078776470,0.7268267950924370,FALSE,,FALSE,0,independent,closeable,google_places,"ChIJlbEEXQBBRYYRHhk3u7iI5FI,ChIJsaqa6XJARYYR2AdB408IMhs"
ChIJV-Nd977bRIYRzIzRUDvhin4,True Texas Tacos,"5008 Gattis School Rd, Hutto, TX 78634, USA",+1 512-520-1200,https://www.heb.com/static-page/true-texas-tacos?utm_source=google&utm_medium=organic&utm_campaign=gmb_restaurant&utm_content=ttt_fresh_bites,"restaurant,point_of_interest,food,establishment",3.9,17,,no,30.5028898,-97.5811363,ChIJVyDvKtPbRIYRV6nfph_Tyoo,Tesla Supercharger,30.5028119,-97.58090300000000,24.0,0.29,FALSE,,FALSE,0,independent,closeable,google_places,ChIJVyDvKtPbRIYRV6nfph_Tyoo
ChIJay_SbjuVQ4YRbgnwRz7gxIg,Turbo Joe's Pizzeria - Int'l Kitchen & Tea House,"100 Townsend Dr, Weimar, TX 78962, USA",+1 979-725-3004,http://turbojoespizzeriaik.com/,"restaurant,point_of_interest,food,establishment",4.9,221,,yes,29.692994,-96.77763060000000,ChIJ4zq6PZGUQ4YRvh5WVN1mE0Y,Tesla Supercharger,29.692891,-96.777389,26.0,0.31,FALSE,,FALSE,0,independent,closeable,google_places,ChIJ4zq6PZGUQ4YRvh5WVN1mE0Y
ChIJQxDp5f-1RIYREhw0DPYuRuI,Vespaio Restaurant,"1610 S Congress Ave S, Austin, TX 78704, USA",+1 512-441-6100,http://vespaioristorante.com/,"italian_restaurant,restaurant,food,point_of_interest,establishment",4.5,2051,PRICE_LEVEL_EXPENSIVE,no,30.2474255,-97.7507097,ChIJ2_MNyg-1RIYRkTEKVh9-5x0,Tesla Supercharger,30.2471801,-97.7500043,73.0,0.87,FALSE,,FALSE,0,independent,closeable,google_places,ChIJ2_MNyg-1RIYRkTEKVh9-5x0
ChIJCWV28GG1RIYRgQVJ_g48VJ0,watertrade,"1603 S Congress Ave, Austin, TX 78704, USA",+1 512-994-0428,http://otokoaustin.com/watertrade,"bar,point_of_interest,establishment",4.7,57,,no,30.2473651,-97.7501159,ChIJ2_MNyg-1RIYRkTEKVh9-5x0,Tesla Supercharger,30.2471801,-97.7500043,23.2,0.28,FALSE,,FALSE,0,independent,closeable,google_places,ChIJ2_MNyg-1RIYRkTEKVh9-5x0
ChIJGUHKsT9BRYYRl6DzI87VUb0,Wrapin' Poke,"Back part of Narunya's, 316 E Central Ave Suite B, Belton, TX 76513, USA",+1 254-780-7822,https://www.wrapinpoke.com/,"american_restaurant,restaurant,food,point_of_interest,establishment",1,1,,yes,31.056027300000000,-97.46097020000000,ChIJsaqa6XJARYYR2AdB408IMhs,FLO Charging Station,31.056513,-97.461252,60.31049970093130,0.7179821392968020,FALSE,,FALSE,0,independent,closeable,google_places,"ChIJlbEEXQBBRYYRHhk3u7iI5FI,ChIJsaqa6XJARYYR2AdB408IMhs"
ChIJgU3Hm0CTXIYRk7nuj4P3qgw,Zippliners Kitchen,"3939 S I-35 South Frontage Rd Suite FC05A, San Marcos, TX 78666, USA",+1 210-540-5561,http://zippliners.com/,"restaurant,meal_delivery,food_delivery,point_of_interest,food,establishment",4.4,165,,yes,29.8269158,-97.9811788,ChIJ15wOuAqmXIYRMCTUFOJHxzs,Electrify America Charging Station,29.826760000000000,-97.98034,82.74882746824170,0.9851050889076390,FALSE,,FALSE,0,independent,closeable,google_places,"ChIJYw7P4wqmXIYRnI6ejyf12TA,ChIJL1YAZRGnXIYReRPLic74yN8,ChIJ15wOuAqmXIYRMCTUFOJHxzs"
ChIJb4jffILjW4YRhzz4ZUvelRg,Zulys,"116 N Crockett St Suite B, Fredericksburg, TX 78624, USA",+1 830-307-3143,http://www.zulysbakery.com/,"bakery,ice_cream_shop,coffee_shop,cafe,dessert_shop,confectionery,food_store,wholesaler,store,point_of_interest,food,establishment",4.5,190,,no,30.2774085,-98.8734544,ChIJ_Uwf4WrBW4YRcX_RKaNIVZg,Electric Vehicle Charging Station,30.2779931,-98.87363050000000,67.16809020177720,0.7996201214497280,FALSE,,FALSE,0,independent,closeable,google_places,ChIJ_Uwf4WrBW4YRcX_RKaNIVZg