place_id,name,address,phone,website,types,rating,user_ratings_total,price_level,open_now,merchant_lat,merchant_lng,nearest_charger_id,nearest_charger_name,charger_lat,charger_lng,distance_to_charger_m,walk_time_min,corporate_likely,corporate_reason,needs_review,source,discovered_via_chargers
ChIJ2f0yzVZrRYYRZiw48gbEzlk,Midway Bar & Grill,"5247 S General Bruce Dr, Temple, TX 76502, USA",+1 254-778-5511,https://www.ihg.com/holidayinn/hotels/us/en/temple/tpltl/hoteldetail?fromRedirect=true&qSrt=sBR&qSlH=tpltl&setPMCookies=true&qSHBrC=HI&qDest=5247%20S.%20General%20Bruce%20Dr%2C%20Temple%2C%20TX%2C%20US&srb_u=1,"restaurant,point_of_interest,food,establishment",5,2,,no,31.083134200000003,-97.407304,ChIJnw9Zwe9qRYYR0gHgATzOx1Q,Universal EV Charging Station,31.083134,-97.407304,0.022238985588798697,0.0002647498284380797,False,,False,google_places,"ChIJnw9Zwe9qRYYR0gHgATzOx1Q,ChIJzeVSku5qRYYRyyhjWCFslDw,ChIJDzKpou5qRYYRVbGlb5HszvI"
ChIJZ-pMaDMLW4YRoazSJSvd9n0,The Spa at Carter Creek,"4064 US-290, Johnson City, TX 78636, USA",+1 830-856-2692,https://www.cartercreek.com/spa,"spa,point_of_interest,establishment",0,0,,no,30.260682999999997,-98.4804309,ChIJx928FqkKW4YR8JgtoTggZ7g,SWTCH Charging Station,30.2606006,-98.4804004,9.6,0.11,False,,False,google_places,ChIJx928FqkKW4YR8JgtoTggZ7g
ChIJfZdObPMdW4YRHT5uIkcEbBc,Lovely Nails - Marble Falls,"1806 N U.S. Hwy 281, Marble Falls, TX 78654, USA",+1 830-201-4413,,"beauty_salon,nail_salon,spa,point_of_interest,establishment",4.5,45,,yes,30.589308400000004,-98.27391399999999,ChIJHzfu_AIdW4YRf321j97BvRc,Apache Village Shops EV Charging Station,30.589257699999997,-98.2738261,10.1,0.12,False,,False,google_places,ChIJHzfu_AIdW4YRf321j97BvRc
ChIJAyog0ueXW4YRhKRVDHG3h-Y,Grape Creek Vineyards,"10587 US-290, Fredericksburg, TX 78624, USA",+1 830-644-2710,https://www.grapecreek.com/visit,"tourist_attraction,farm,restaurant,point_of_interest,food,establishment",4.8,13369,,yes,30.221446,-98.72027829999999,ChIJ_79IizuWW4YRnVy1Ayy-AzE,Tesla Destination Charger,30.221542199999995,-98.72031349999999,11.2,0.13,False,,True,google_places,ChIJ_79IizuWW4YRnVy1Ayy-AzE
ChIJ49i2tQdhXIYR49DtkksRQrI,Charlotte Tilbury,"7400 San Pedro Ave #104, San Antonio, TX 78216, USA",+1 210-541-0979,https://stores.charlottetilbury.com/us/tx/san-antonio/7400-san-pedro?y_source=1_MTQ5NzI4MTMtNzE1LWxvY2F0aW9uLndlYnNpdGU%3D,"skin_care_clinic,makeup_artist,beauty_salon,clothing_store,health,store,point_of_interest,establishment",0,0,,yes,29.518526200000004,-98.49511559999999,ChIJUe4mdghgXIYRrRI94IU_jsk,Shell Recharge Charging Station,29.5185985,-98.49527649999999,17.5,0.21,False,,False,google_places,ChIJUe4mdghgXIYRrRI94IU_jsk
ChIJ80kBgqMLW4YRs1q0RTnsx_k,Carter Creek Winery Tasting Room,"4064 US-290, Johnson City, TX 78636, USA",+1 830-856-2707,http://cartercreek.com/,"wine_bar,liquor_store,farm,bar,store,point_of_interest,food,establishment",4.6,59,,yes,30.2605322,-98.48022809999999,ChIJx928FqkKW4YR8JgtoTggZ7g,SWTCH Charging Station,30.2606006,-98.4804004,18.2,0.22,False,,False,google_places,ChIJx928FqkKW4YR8JgtoTggZ7g
ChIJ6bmftUm1RIYRDYZi3BzhLjQ,South Congress Hotel Lobby Bar,"1603 S Congress Ave, Austin, TX 78704, USA",+1 512-920-6405,https://southcongresshotel.com/eat-drink,"bar,point_of_interest,establishment",4.7,35,,yes,30.2471499,-97.7502165,ChIJ2_MNyg-1RIYRkTEKVh9-5x0,Tesla Supercharger,30.2471801,-97.7500043,20.7,0.25,False,,False,google_places,ChIJ2_MNyg-1RIYRkTEKVh9-5x0
ChIJh91qhvy0RIYRqlF6u8rGJ3M,Mañana,"1603 S Congress Ave, Austin, TX 78704, USA",+1 512-872-3144,https://mananaaustin.com/,"coffee_shop,bakery,breakfast_restaurant,cafe,food_store,store,restaurant,point_of_interest,food,establishment",4.4,729,PRICE_LEVEL_MODERATE,yes,30.2473651,-97.7501159,ChIJ2_MNyg-1RIYRkTEKVh9-5x0,Tesla Supercharger,30.2471801,-97.7500043,23.196673013588665,0.2761508692093889,False,,False,google_places,ChIJ2_MNyg-1RIYRkTEKVh9-5x0
ChIJrzsiEerlQoYRTr_g_ZcscEg,The EVthing,"511 E Broadway St, Cuero, TX 77954, USA",+1 361-799-4016,https://evthing.com/?utm_source=google,"american_restaurant,hamburger_restaurant,sandwich_shop,restaurant,food,point_of_interest,establishment",4.6,219,PRICE_LEVEL_MODERATE,yes,29.0914186,-97.28452820000001,ChIJVVXZOt3kQoYR6_CNY9plmKg,EV Connect Charging Station,29.091254799999994,-97.28468679999999,23.9,0.28,False,,False,google_places,"ChIJVVXZOt3kQoYR6_CNY9plmKg,ChIJYwHcOt3kQoYRkdafMfFbgkY"
ChIJCWV28GG1RIYRgQVJ_g48VJ0,watertrade,"1603 S Congress Ave, Austin, TX 78704, USA",+1 512-994-0428,http://otokoaustin.com/watertrade,"bar,point_of_interest,establishment",4.7,57,,no,30.2473651,-97.7501159,ChIJ2_MNyg-1RIYRkTEKVh9-5x0,Tesla Supercharger,30.2471801,-97.7500043,23.2,0.28,False,,False,google_places,ChIJ2_MNyg-1RIYRkTEKVh9-5x0
ChIJeW5k3wdgXIYRRfio5vX3FAs,Kona Grill - San Antonio at North Star,"7400 San Pedro Ave #1255, San Antonio, TX 78216, USA",+1 210-998-7601,"https://konagrill.com/locations?locations=San-Antonio,78216","american_restaurant,bar_and_grill,sushi_restaurant,steak_house,seafood_restaurant,bar,japanese_restaurant,restaurant,food,point_of_interest,establishment",4.6,4819,PRICE_LEVEL_MODERATE,yes,29.518802299999997,-98.4951924,ChIJUe4mdghgXIYRrRI94IU_jsk,Shell Recharge Charging Station,29.5185985,-98.49527649999999,24.07832336746235,0.2866467067555042,False,,False,google_places,ChIJUe4mdghgXIYRrRI94IU_jsk
ChIJ9Y2KasdhXIYRWCi7dOwVFHo,Benihana North Star,"7400 San Pedro Ave #1255, San Antonio, TX 78216, USA",+1 726-762-0734,https://order.benihana.com/menu/benihana-north-star,"meal_takeaway,restaurant,food,point_of_interest,establishment",2.7,9,PRICE_LEVEL_EXPENSIVE,yes,29.518802299999997,-98.4951924,ChIJUe4mdghgXIYRrRI94IU_jsk,Shell Recharge Charging Station,29.5185985,-98.49527649999999,24.07832336746235,0.2866467067555042,False,,False,google_places,ChIJUe4mdghgXIYRrRI94IU_jsk
ChIJV-Nd977bRIYRzIzRUDvhin4,True Texas Tacos,"5008 Gattis School Rd, Hutto, TX 78634, USA",+1 512-520-1200,https://www.heb.com/static-page/true-texas-tacos?utm_source=google&utm_medium=organic&utm_campaign=gmb_restaurant&utm_content=ttt_fresh_bites,"restaurant,food,point_of_interest,establishment",3.9,17,,no,30.5028898,-97.5811363,ChIJVyDvKtPbRIYRV6nfph_Tyoo,Tesla Supercharger,30.5028119,-97.58090299999999,24.0,0.29,False,,False,google_places,ChIJVyDvKtPbRIYRV6nfph_Tyoo
ChIJncpI8IZjXIYRgLuUJtR9z2k,Champs Chicken,"25580 Blanco Rd, San Antonio, TX 78260, USA",+1 210-455-8660,https://champschicken.com/locations/bigs-210-san-antonio-tx/,"restaurant,food,point_of_interest,establishment",0,0,PRICE_LEVEL_INEXPENSIVE,yes,29.680690100000003,-98.5214639,ChIJa2heFdxiXIYRZ5B6sJF3QHU,ChargePoint Charging Station,29.680895099999997,-98.52137379999999,24.4,0.29,False,,False,google_places,ChIJa2heFdxiXIYRZ5B6sJF3QHU
ChIJj-S3lK9jXIYR1gcDLefi2fw,Hangar 54 Pizza,"25580 Blanco Rd, San Antonio, TX 78260, USA",+1 210-455-8660,https://hangar54.pizza/location/bigs-210-san-antonio-tx/,"pizza_restaurant,fast_food_restaurant,american_restaurant,restaurant,food,point_of_interest,establishment",0,0,,yes,29.680690100000003,-98.5214639,ChIJa2heFdxiXIYRZ5B6sJF3QHU,ChargePoint Charging Station,29.680895099999997,-98.52137379999999,24.4,0.29,False,,False,google_places,ChIJa2heFdxiXIYRZ5B6sJF3QHU
ChIJay_SbjuVQ4YRbgnwRz7gxIg,Turbo Joe's Pizzeria - Int'l Kitchen & Tea House,"100 Townsend Dr, Weimar, TX 78962, USA",+1 979-725-3004,http://turbojoespizzeriaik.com/,"restaurant,food,point_of_interest,establishment",4.9,221,,yes,29.692994,-96.77763060000001,ChIJ4zq6PZGUQ4YRvh5WVN1mE0Y,Tesla Supercharger,29.692891,-96.777389,26.0,0.31,False,,False,google_places,ChIJ4zq6PZGUQ4YRvh5WVN1mE0Y
ChIJ8zFET7otW4YRxcmOGmyEZCo,Ike's Sandwiches,"1335 E Whitestone Blvd Bldg S-180 Bldg S-180, Cedar Park, TX 78613, USA",+1 512-456-0511,https://locations.ikessandwich.com/tx/cedarpark/306/?utm_source=gmb&utm_medium=profile&utm_campaign=cedarpark-location-page,"sandwich_shop,catering_service,vegan_restaurant,vegetarian_restaurant,meal_delivery,food_delivery,meal_takeaway,restaurant,food,point_of_interest,establishment",4.4,364,PRICE_LEVEL_MODERATE,yes,30.5299153,-97.81546589999999,ChIJuzmJiOQsW4YRFATJMd38D68,Shell Recharge Charging Station,30.530031999999995,-97.815229,26.1,0.31,False,,False,google_places,ChIJuzmJiOQsW4YRFATJMd38D68
ChIJQwAt7WaoXIYRDjRJiOmWsI0,King of Snacks,"4015 S I-35 South Frontage Rd, San Marcos, TX 78666, USA",+1 210-552-8337,,"restaurant,point_of_interest,food,establishment",3.9,29,,unknown,29.8240775,-97.98732969999999,ChIJpY1Ro9ilXIYRTRVqx94UunY,ChargePoint Charging Station,29.824203,-97.9875612,26.33386953045959,0.3134984467911856,False,,False,google_places,"ChIJpY1Ro9ilXIYRTRVqx94UunY,ChIJT_fAxdilXIYRAjLLE1pjHYI"
ChIJ7cz-zQ0tW4YRPeSymotjvRc,Ulta Beauty,"183A Ste 100, Toll road, Cedar Park, TX 78613, USA",+1 512-259-1446,https://www.ulta.com/stores/cedar-park-tx-1230,"beauty_salon,hair_salon,hair_care,store,point_of_interest,establishment",4.1,490,,yes,30.535687499999998,-97.81768199999999,ChIJl6ACCfAsW4YRu9_CFG4hiEw,Shell Recharge Charging Station,30.535462,-97.817791,27.16078228663516,0.32334264626946624,False,,False,google_places,"ChIJl6ACCfAsW4YRu9_CFG4hiEw,ChIJjcVJAPAsW4YRkGYODB2CTWk"
ChIJQz1e_kxLW4YRKRQH-iXUges,Lee’s Kitchen + Cocktails,"701 S Capital of Texas Hwy Suite G700, Austin, TX 78746, USA",+1 512-256-3918,http://leeskitchenatx.com/,"restaurant,food,point_of_interest,establishment",4.6,178,PRICE_LEVEL_MODERATE,yes,30.289906499999997,-97.8271905,ChIJJ6_0bN1LW4YRg8l9RLePwz8,Tesla Supercharger,30.289800000000003,-97.827474,29.7,0.35,False,,False,google_places,ChIJJ6_0bN1LW4YRg8l9RLePwz8
ChIJIWxDJiI1XIYRi8JY6N6EI0o,Charleys Cheesesteaks and Wings,"21561 FM471, Natalia, TX 78059, USA",+1 830-227-0156,https://order.charleys.com/menu/chubbys-travel-center-tx/,"sandwich_shop,fast_food_restaurant,american_restaurant,restaurant,point_of_interest,food,establishment",4.6,65,PRICE_LEVEL_INEXPENSIVE,yes,29.185347000000004,-98.84488259999999,ChIJQ6BpTtM1XIYRpnP2zHqSjgo,"Chubby's Travel Center, Valero Gas Station",29.1856082,-98.84480860000001,29.9,0.36,False,,False,google_places,ChIJQ6BpTtM1XIYRpnP2zHqSjgo
ChIJ9XyTagBVW4YRuuL49v2LQWI,Bluefin Sushi & Ramen,"151 Evans Dr Suite 111, Kyle, TX 78640, USA",+1 512-256-5286,http://bluefinsushiramen.com/,"asian_restaurant,restaurant,food,point_of_interest,establishment",4,236,PRICE_LEVEL_MODERATE,yes,30.0128834,-97.86240319999999,ChIJd749_h9VW4YRo2JVbrw88f8,Tesla Supercharger,30.013033999999998,-97.8626748,31.1,0.37,False,,False,google_places,ChIJd749_h9VW4YRo2JVbrw88f8
ChIJS9C-n-jkQoYRY9V3GzRByNU,Donut Palace,"310 N Esplanade St, Cuero, TX 77954, USA",+1 361-275-6848,,"donut_shop,bakery,dessert_shop,confectionery,food_store,food,store,point_of_interest,establishment",4.4,140,PRICE_LEVEL_INEXPENSIVE,no,29.092837499999995,-97.29085219999999,ChIJraqaoejkQoYRJ5e0r56ektQ,ChargePoint Charging Station,29.0927662,-97.2911644,31.4,0.37,False,,False,google_places,ChIJraqaoejkQoYRJ5e0r56ektQ
ChIJg7Nl8d4dW4YRLIl4PxApMic,Daylight Donuts,"1810 N U.S. Hwy 281, Marble Falls, TX 78654, USA",+1 512-896-3235,https://daylightdonuts.com/,"donut_shop,bakery,food_store,store,food,point_of_interest,establishment",4.3,52,PRICE_LEVEL_INEXPENSIVE,no,30.589533199999998,-98.2738562,ChIJHzfu_AIdW4YRf321j97BvRc,Apache Village Shops EV Charging Station,30.589257699999997,-98.2738261,30.8,0.37,False,,False,google_places,ChIJHzfu_AIdW4YRf321j97BvRc
ChIJF5ud2-8sW4YREtEW4Y92oSE,JuiceLand,"5001 183A Frontage Rd, Cedar Park, TX 78613, USA",+1 512-986-7822,http://www.juiceland.com/,"juice_shop,vegan_restaurant,vegetarian_restaurant,restaurant,food,point_of_interest,establishment",4.6,335,PRICE_LEVEL_MODERATE,yes,30.5356759,-97.8175811,ChIJl6ACCfAsW4YRu9_CFG4hiEw,Shell Recharge Charging Station,30.535462,-97.817791,31.142155399994195,0.37073994523802617,False,,False,google_places,"ChIJl6ACCfAsW4YRu9_CFG4hiEw,ChIJjcVJAPAsW4YRkGYODB2CTWk"
ChIJJ1G_4pctW4YR59NnFm_BNKM,Benefit Cosmetics BrowBar,"5001 183A Toll Rd Suite 100, Cedar Park, TX 78613, USA",+1 512-259-1446,https://browbars.benefitcosmetics.com/us/tx/cedar-park/5001-183a-toll-road?y_source=1_MTk5MjA4ODMtNzE1LWxvY2F0aW9uLndlYnNpdGU%3D,"beauty_salon,hair_care,store,point_of_interest,establishment",5,4,,yes,30.535611600000003,-97.81750749999999,ChIJl6ACCfAsW4YRu9_CFG4hiEw,Shell Recharge Charging Station,30.535462,-97.817791,31.842408429783553,0.3790762908307566,False,,False,google_places,"ChIJl6ACCfAsW4YRu9_CFG4hiEw,ChIJjcVJAPAsW4YRkGYODB2CTWk"
ChIJOSrot98tW4YRWgKFH_dKiOY,True REST Float Spa • Cedar Park,"1335 E Whitestone Blvd Suite #165, Cedar Park, TX 78613, USA",+1 512-645-7585,http://www.truerest.com/locations/cedar-park,"spa,point_of_interest,establishment",4.9,250,,yes,30.530212000000002,-97.81496299999999,ChIJuzmJiOQsW4YRFATJMd38D68,Shell Recharge Charging Station,30.530031999999995,-97.815229,32.4,0.39,False,,False,google_places,ChIJuzmJiOQsW4YRFATJMd38D68
ChIJxbfJlaU1XIYRlIevp3w6k1s,San Juan Mexican Restaurant,"21561 FM471, Natalia, TX 78059, USA",+1 830-227-0164,,"mexican_restaurant,restaurant,point_of_interest,food,establishment",4.5,215,,yes,29.1858468,-98.8450364,ChIJQ6BpTtM1XIYRpnP2zHqSjgo,"Chubby's Travel Center, Valero Gas Station",29.1856082,-98.84480860000001,34.5,0.41,False,,False,google_places,ChIJQ6BpTtM1XIYRpnP2zHqSjgo
ChIJo3XYi-QsW4YRw5nbBodz9kE,Amy's China Cuisine,"1335 E Whitestone Blvd #190, Cedar Park, TX 78613, USA",+1 512-528-9963,https://amyschinacuisine.com/?utm_source=GBP-AP-AmysChinaCuisine&utm_medium=GBP-AP-AmysChinaCuisine&utm_campaign=GBP-AP-AmysChinaCuisine&utm_id=GBP-AP-AmysChinaCuisine,"chinese_restaurant,restaurant,food,point_of_interest,establishment",4,981,PRICE_LEVEL_INEXPENSIVE,yes,30.529974799999998,-97.8155937,ChIJuzmJiOQsW4YRFATJMd38D68,Shell Recharge Charging Station,30.530031999999995,-97.815229,35.5,0.42,False,,False,google_places,ChIJuzmJiOQsW4YRFATJMd38D68
ChIJ3YRUofotW4YRzN6x9Mp4q84,The Little Gym of Cedar Park,"1335 E Whitestone Blvd Suite T-160, Cedar Park, TX 78613, USA",+1 512-643-8533,https://www.thelittlegym.com/texas-cedar-park/,"sports_complex,gym,sports_activity_location,health,point_of_interest,establishment",3.9,33,,yes,30.530095399999993,-97.81485479999999,ChIJuzmJiOQsW4YRFATJMd38D68,Shell Recharge Charging Station,30.530031999999995,-97.815229,36.5,0.43,False,,False,google_places,ChIJuzmJiOQsW4YRFATJMd38D68
ChIJDfLT-7otW4YRClDLbXqFitU,Bare Studio,"1335 E Whitestone Blvd Building H Suite 133, Cedar Park, TX 78613, USA",+1 737-350-4718,https://barestudioatx.glossgenius.com/,"beauty_salon,point_of_interest,establishment",5,5,,yes,30.530095399999993,-97.81485479999999,ChIJuzmJiOQsW4YRFATJMd38D68,Shell Recharge Charging Station,30.530031999999995,-97.815229,36.5,0.43,False,,False,google_places,ChIJuzmJiOQsW4YRFATJMd38D68
ChIJLzntlpxLW4YRs50V5GDhbQY,Austin's Pizza William Cannon/Brodie,"3601 W William Cannon Dr, Austin, TX 78749, USA",+1 512-717-8763,http://www.austinspizza.com/,"pizza_restaurant,vegan_restaurant,vegetarian_restaurant,meal_delivery,food_delivery,meal_takeaway,restaurant,point_of_interest,food,establishment",3.7,138,PRICE_LEVEL_MODERATE,yes,30.214698700000003,-97.832893,ChIJkZU1wJxLW4YRHD-kSo8J6xQ,Firestone Complete Auto Care,30.2145032,-97.8325885,36.45074748839297,0.43393747009991634,False,,False,google_places,ChIJkZU1wJxLW4YRHD-kSo8J6xQ
ChIJi290EPT1XIYRUOtXj_Ofy3s,Green Vegetarian Cuisine -- Alamo Quarry Market,"255 E Basse Rd, San Antonio, TX 78209, USA",+1 210-320-5865,http://eatatgreen.com/,"vegetarian_restaurant,brunch_restaurant,vegan_restaurant,restaurant,food,point_of_interest,establishment",4.5,2038,PRICE_LEVEL_MODERATE,yes,29.497260899999997,-98.4817496,ChIJ-bLnr1_1XIYRc85roJiXl8U,Tesla Supercharger,29.497154,-98.482113,37.1,0.44,False,,False,google_places,ChIJ-bLnr1_1XIYRc85roJiXl8U
ChIJX77n6XL1XIYRb42VoXIMdtU,Drybar - San Antonio,"255 E Basse Rd Suite 910, San Antonio, TX 78209, USA",+1 210-817-1401,https://www.drybarshops.com/service/locator/detail/?slug=san-antonio-at-alamo-quarry-market&utm_source=Google&utm_medium=SoCi,"hair_salon,hair_care,beauty_salon,point_of_interest,establishment",4.1,204,,yes,29.497260899999997,-98.4817496,ChIJ-bLnr1_1XIYRc85roJiXl8U,Tesla Supercharger,29.497154,-98.482113,37.1,0.44,False,,False,google_places,ChIJ-bLnr1_1XIYRc85roJiXl8U
ChIJGZU-x1yJQ4YR0Vaco09c6uk,Tune Up; The Manly Salon - Barbershop,"2001 W Hwy 71 Business, La Grange, TX 78945, USA",+1 979-338-0701,http://www.tuneupsalon.com/,"barber_shop,hair_salon,hair_care,point_of_interest,health,establishment",4.6,116,,yes,29.9026789,-96.9056636,ChIJ5dBCQgeLQ4YRRKSYf6ukvu4,Graviti Charging Station,29.9029812,-96.9054886,37.6,0.45,False,,False,google_places,ChIJ5dBCQgeLQ4YRRKSYf6ukvu4
ChIJ_3HmBQItW4YRx4J37IYMAqs,Blue Corn Harvest Bar & Grill Cedar Park,"700 E Whitestone Blvd #204, Cedar Park, TX 78613, USA",+1 512-528-0889,http://www.bluecornharvest.com/,"mexican_restaurant,restaurant,point_of_interest,food,establishment",4.5,3452,PRICE_LEVEL_MODERATE,yes,30.522747199999998,-97.821625,ChIJtzzgDAItW4YRf8p5_N7Ny3s,EVgo Charging Station,30.523079199999998,-97.82175509999999,38.96331629417652,0.46384900350210145,False,,False,google_places,"ChIJtzzgDAItW4YRf8p5_N7Ny3s,ChIJt3szb_4sW4YR-4sz9ZOyyMk,ChIJnaxilcItW4YRJQDLl6n_hD0"
ChIJPXjxpeMsW4YRAaA8R817X2M,Chada Thai,"1335 E Whitestone Blvd Suite T150, Cedar Park, TX 78613, USA",+1 512-260-4165,http://www.chadaatx.com/,"thai_restaurant,asian_restaurant,vegetarian_restaurant,restaurant,food,point_of_interest,establishment",4.1,667,PRICE_LEVEL_MODERATE,yes,30.5299727,-97.8148181,ChIJuzmJiOQsW4YRFATJMd38D68,Shell Recharge Charging Station,30.530031999999995,-97.815229,39.9,0.48,False,,False,google_places,ChIJuzmJiOQsW4YRFATJMd38D68
ChIJbXmLulTJRIYROW90S_soNpo,Hair by Tri,"1030 Norwood Park Blvd Ste 310, Austin, TX 78753, USA",+1 608-471-8346,http://styleseat.com/trieshawashington,"hair_salon,hair_care,point_of_interest,establishment",5,1,,yes,30.3406259,-97.6926922,ChIJ230oIYTJRIYR5-5_qpmz3-A,EVgo Charging Station,30.3402804,-97.6925749,40.0,0.48,False,,False,google_places,ChIJ230oIYTJRIYR5-5_qpmz3-A
ChIJ1VgC1T5JW4YRwcXBVglGUjA,Blade Homes Inc,"1030 Norwood Park Blvd Ste 310, Austin, TX 78753, USA",+1 512-680-5223,,"beauty_salon,point_of_interest,establishment",0,0,,yes,30.340528899999995,-97.6928835,ChIJ230oIYTJRIYR5-5_qpmz3-A,EVgo Charging Station,30.3402804,-97.6925749,40.5,0.48,False,,False,google_places,ChIJ230oIYTJRIYR5-5_qpmz3-A
ChIJh91qhvy0RIYRBzoQTNhuG-4,Café No Sé,"1603 S Congress Ave, Austin, TX 78704, USA",+1 512-942-2061,https://cafenoseaustin.com/,"cafe,brunch_restaurant,breakfast_restaurant,meal_takeaway,restaurant,point_of_interest,food,establishment",4.5,1474,PRICE_LEVEL_MODERATE,yes,30.247111000000004,-97.750424,ChIJ2_MNyg-1RIYRkTEKVh9-5x0,Tesla Supercharger,30.2471801,-97.7500043,41.0,0.49,False,,False,google_places,ChIJ2_MNyg-1RIYRkTEKVh9-5x0
ChIJQwZLPELFRIYRxZ0qbuDqJAM,Tan It All,"1513 Stone Hill Dr #350, Pflugerville, TX 78660, USA",+1 512-888-9826,http://tanitall.com/,"tanning_studio,spa,point_of_interest,establishment",4.4,146,,yes,30.469810199999994,-97.5977801,ChIJebSn-ELFRIYRt5yPUCmHwU0,Shell Recharge Charging Station,30.470173,-97.597877,41.396637895960076,0.4928171178090485,False,,False,google_places,"ChIJebSn-ELFRIYRt5yPUCmHwU0,ChIJ3Xzcd0TFRIYRE_5xQf5EaDQ,ChIJL0vix2nFRIYRDmgTx2YzkBQ"
ChIJY0aTfMjORIYRXcZ2DFCAxL8,MOD Pizza,"500 W Canyon Ridge Dr Suite J100, Austin, TX 78753, USA",+1 512-975-7095,https://locations.modpizza.com/usa/tx/austin/500-w-canyon-ridge-dr?utm_source=google&utm_medium=yext,"pizza_restaurant,fast_food_restaurant,restaurant,food,point_of_interest,establishment",4.4,1200,PRICE_LEVEL_INEXPENSIVE,yes,30.405388199999994,-97.6738227,ChIJKZ_6jsjORIYRVAt3LFFW5UI,EVgo Charging Station,30.405127999999994,-97.67348,43.8,0.52,False,,False,google_places,ChIJKZ_6jsjORIYRVAt3LFFW5UI
ChIJMa_0P921RIYRo1JRRB2390Q,Mañana Coffee,"111 Sandra Muraida Way suite #101, Austin, TX 78703, USA",+1 512-684-1001,https://mananacoffee.com/,"coffee_shop,breakfast_restaurant,wine_bar,bar,cafe,restaurant,food_store,point_of_interest,food,store,establishment",4.3,205,PRICE_LEVEL_INEXPENSIVE,yes,30.267353699999994,-97.7545193,ChIJy4IHtRG1RIYRU8eyx2-NRrQ,ChargePoint Charging Station,30.266969099999997,-97.7543712,45.06873988161175,0.5365326176382351,False,,False,google_places,ChIJy4IHtRG1RIYRU8eyx2-NRrQ
ChIJx4keTjhARYYR6ingUPuDclo,The Greenbriar Salon & Spa,"217 E Central Ave, Belton, TX 76513, USA",+1 254-939-3700,http://www.salonspagreenbriar.com/,"hair_salon,nail_salon,beauty_salon,spa,massage,hair_care,point_of_interest,health,establishment",4.8,173,,yes,31.0558792,-97.4623061,ChIJlbEEXQBBRYYRHhk3u7iI5FI,FLO Charging Station,31.055705599999996,-97.4618709,45.7,0.54,False,,False,google_places,"ChIJsaqa6XJARYYR2AdB408IMhs,ChIJlbEEXQBBRYYRHhk3u7iI5FI"
ChIJG6M5wOs3W4YR36MaFAmnt9M,Sport Clips Haircuts of Bee Cave,"12717 Shops Pkwy Ste 400, Bee Cave, TX 78738, USA",+1 512-402-1082,https://sportclips.com/us-tx-beecave-tx111?utm_source=google&utm_medium=link&utm_campaign=gbp&utm_content=soci,"hair_salon,barber_shop,hair_care,point_of_interest,health,establishment",4.1,251,,yes,30.3041052,-97.94179299999999,ChIJib5lZqo3W4YRfW2OZjzeUj4,Tesla Supercharger,30.303699899999998,-97.94178559999999,45.1,0.54,False,,False,google_places,ChIJib5lZqo3W4YRfW2OZjzeUj4
ChIJW3l04as3W4YRGYSRixGucHA,Great American Cookies,"12717 Shops Pkwy Suite 100, Bee Cave, TX 78738, USA",+1 512-599-4099,https://www.greatamericancookies.com/?olonwp=JjBtp_vMLk25gkYh_bnoiQ,"confectionery,bakery,food_store,store,food,point_of_interest,establishment",4.1,58,PRICE_LEVEL_INEXPENSIVE,yes,30.3041052,-97.94179299999999,ChIJib5lZqo3W4YRfW2OZjzeUj4,Tesla Supercharger,30.303699899999998,-97.94178559999999,45.1,0.54,False,,False,google_places,ChIJib5lZqo3W4YRfW2OZjzeUj4
ChIJPcHEw1EtW4YRR3oLDJrsczg,MLB Ballpark Bites,"800 E Whitestone Blvd, Cedar Park, TX 78613, USA",+1 888-672-8352,,"american_restaurant,restaurant,point_of_interest,food,establishment",0,0,PRICE_LEVEL_INEXPENSIVE,unknown,30.522985799999997,-97.82128929999999,ChIJtzzgDAItW4YRf8p5_N7Ny3s,EVgo Charging Station,30.523079199999998,-97.82175509999999,45.809956653235055,0.5453566268242268,False,,False,google_places,"ChIJtzzgDAItW4YRf8p5_N7Ny3s,ChIJleJ5suIsW4YRiY7MM6waiIg,ChIJnaxilcItW4YRJQDLl6n_hD0,ChIJt3szb_4sW4YR-4sz9ZOyyMk"
ChIJ67OpHmnFRIYRUQ5shGSxogA,IRIDESCENCE AESTHETICS Inside Salon Lofts,"The Salons @ Stone Hill 1513 Stone Hill Drive, Building 100, Room 27 SUITE No. 27, Pflugerville, TX 78660, USA",+1 833-458-5607,http://www.iridescenceaustin.com/,"body_art_service,hair_care,beauty_salon,spa,massage,point_of_interest,establishment",4.4,58,,yes,30.470054100000002,-97.5983378,ChIJebSn-ELFRIYRt5yPUCmHwU0,Shell Recharge Charging Station,30.470173,-97.597877,46.09881986606941,0.5487954745960645,False,,False,google_places,"ChIJebSn-ELFRIYRt5yPUCmHwU0,ChIJ3Xzcd0TFRIYRE_5xQf5EaDQ,ChIJL0vix2nFRIYRDmgTx2YzkBQ"
ChIJo3XYi-QsW4YRI_CiIKEL2Bs,I Spa Nails,"1335 E Whitestone Blvd #S - 150, Cedar Park, TX 78613, USA",+1 512-260-7625,https://ispanailscedarpark.com/,"nail_salon,beauty_salon,hair_care,point_of_interest,establishment",4.6,596,,yes,30.529660099999997,-97.81544550000001,ChIJuzmJiOQsW4YRFATJMd38D68,Shell Recharge Charging Station,30.530031999999995,-97.815229,46.3,0.55,False,,False,google_places,ChIJuzmJiOQsW4YRFATJMd38D68
ChIJke_4iPy0RIYRVz6Ttf70Y78,OTOKO,"1603 S Congress Ave, Austin, TX 78704, USA",+1 512-994-0428,https://otokoaustin.com/,"japanese_restaurant,fine_dining_restaurant,seafood_restaurant,sushi_restaurant,restaurant,point_of_interest,food,establishment",4.6,418,PRICE_LEVEL_VERY_EXPENSIVE,no,30.247543699999998,-97.7502607,ChIJ2_MNyg-1RIYRkTEKVh9-5x0,Tesla Supercharger,30.2471801,-97.7500043,47.3,0.56,False,,False,google_places,ChIJ2_MNyg-1RIYRkTEKVh9-5x0
ChIJIVpJDijNRIYRu9hw0p_XJEU,Styled by Angelica at Image Studios,"Image Studio's, 1335 E Whitestone Blvd building U, Cedar Park, TX 78613, USA",+1 512-350-9695,http://www.styled-by-angelica.com/,"hair_salon,hair_care,point_of_interest,establishment",5,14,,yes,30.5304548,-97.8152678,ChIJuzmJiOQsW4YRFATJMd38D68,Shell Recharge Charging Station,30.530031999999995,-97.815229,47.2,0.56,False,,False,google_places,ChIJuzmJiOQsW4YRFATJMd38D68
ChIJh5leRM0yW4YRbc82G9b1WeI,Salon 87,"1335 E Whitestone Blvd Building U Suite 114, Cedar Park, TX 78613, USA",+1 512-751-0568,http://www.salon87atx.com/,"hair_salon,hair_care,point_of_interest,establishment",5,5,,yes,30.5304548,-97.8152678,ChIJuzmJiOQsW4YRFATJMd38D68,Shell Recharge Charging Station,30.530031999999995,-97.815229,47.2,0.56,False,,False,google_places,ChIJuzmJiOQsW4YRFATJMd38D68
ChIJX6NxMwYtW4YR5Fp92JKHQ6s,Lashes By Casey,"1335 E Whitestone Blvd Room 126, Cedar Park, TX 78613, USA",+1 512-945-1020,,"beauty_salon,point_of_interest,establishment",5,3,,yes,30.5304548,-97.8152678,ChIJuzmJiOQsW4YRFATJMd38D68,Shell Recharge Charging Station,30.530031999999995,-97.815229,47.2,0.56,False,,False,google_places,ChIJuzmJiOQsW4YRFATJMd38D68
ChIJQy-sLPstW4YRlQV4iNvoEyY,Tara Sage Scott,"1335 E Whitestone Blvd BDLG U Suite 105, Cedar Park, TX 78613, USA",+1 512-410-9279,,"hair_salon,hair_care,point_of_interest,establishment",5,2,,no,30.5304548,-97.8152678,ChIJuzmJiOQsW4YRFATJMd38D68,Shell Recharge Charging Station,30.530031999999995,-97.815229,47.2,0.56,False,,False,google_places,ChIJuzmJiOQsW4YRFATJMd38D68
ChIJ7See-2D1XIYROA5jTtBpJB8,Ulta Beauty,"255 E Basse Rd Ste 1010, San Antonio, TX 78209, USA",+1 210-824-5031,https://www.ulta.com/stores/san-antonio-tx-361,"hair_salon,hair_care,beauty_salon,store,point_of_interest,establishment",4,964,,yes,29.496781400000003,-98.4818639,ChIJ-bLnr1_1XIYRc85roJiXl8U,Tesla Supercharger,29.497154,-98.482113,47.9,0.57,False,,False,google_places,ChIJ-bLnr1_1XIYRc85roJiXl8U
ChIJnclYUHX1XIYRjDiJ6vLPEPs,Charlotte Tilbury,"255 E Basse Rd Ste 1010, San Antonio, TX 78209, USA",+1 210-824-5031,https://stores.charlottetilbury.com/us/tx/san-antonio/255-e-basse-road-ste-1010-san-antonio-tx-78209?y_source=1_MTAyOTUwMzE1OS03MTUtbG9jYXRpb24ud2Vic2l0ZQ%3D%3D,"skin_care_clinic,makeup_artist,beauty_salon,clothing_store,health,store,point_of_interest,establishment",0,0,,unknown,29.496781400000003,-98.4818639,ChIJ-bLnr1_1XIYRc85roJiXl8U,Tesla Supercharger,29.497154,-98.482113,47.9,0.57,False,,False,google_places,ChIJ-bLnr1_1XIYRc85roJiXl8U
ChIJqx6qJU9DXIYRqZX0Ez7khSc,Bundteas,"7010 W Loop 1604 N STE 210, San Antonio, TX 78250, USA",+1 210-664-3899,https://www.bundteas.com/,"tea_house,dessert_shop,bakery,confectionery,food_store,store,wholesaler,point_of_interest,food,establishment",4.2,94,,unknown,29.5032905,-98.69933870000001,ChIJp9If44FCXIYRewk-muEG9vw,Tesla Supercharger,29.503735000000002,-98.699356,49.5,0.59,False,,False,google_places,ChIJp9If44FCXIYRewk-muEG9vw
ChIJk1WsfiPKRIYRgQahEgoq4Go,Shanghai Chinese Restaurant,"6718 Middle Fiskville Rd, Austin, TX 78752, USA",+1 512-458-8088,https://www.dimsumshanghai.com/,"asian_restaurant,chinese_restaurant,restaurant,food,point_of_interest,establishment",3.9,911,PRICE_LEVEL_MODERATE,no,30.3293008,-97.7067817,ChIJj7rigCPKRIYRv72j6K8r-8Q,Tesla Supercharger,30.329275,-97.70625899999999,50.2,0.6,False,,False,google_places,ChIJj7rigCPKRIYRv72j6K8r-8Q
ChIJLzntlpxLW4YRs6ezau06fCw,The Waxing Studio,"3601 W William Cannon Dr suite 125, Austin, TX 78749, USA",+1 512-775-2169,http://www.thewaxingstudio.com/,"hair_care,beauty_salon,point_of_interest,establishment",4.7,145,PRICE_LEVEL_MODERATE,yes,30.2148074,-97.8329723,ChIJkZU1wJxLW4YRHD-kSo8J6xQ,Firestone Complete Auto Care,30.2145032,-97.8325885,50.0,0.6,False,,False,google_places,ChIJkZU1wJxLW4YRHD-kSo8J6xQ
ChIJIw0kMmxxXIYRQ9pOMbPcb_w,Tacos Losoya,"8 Cascade Cavern, Boerne, TX 78015, USA",+1 210-294-2769,,"restaurant,food,point_of_interest,establishment",4.3,121,PRICE_LEVEL_INEXPENSIVE,no,29.756938899999998,-98.70397179999999,ChIJcapIYwBxXIYReO4ToLvBATY,ZEF Charging Station,29.757334399999998,-98.7037148,50.5,0.6,False,,False,google_places,ChIJcapIYwBxXIYReO4ToLvBATY
ChIJ3XksoyrRRIYRQBdc1CHleSQ,Floyd's 99 Barbershop,"110 N Interstate Hwy 35, Round Rock, TX 78681, USA",+1 512-337-8680,https://www.floydsbarbershop.com/round-rock/,"barber_shop,hair_salon,beauty_salon,hair_care,point_of_interest,health,establishment",4.5,94,,yes,30.5094012,-97.6881679,ChIJ_XF_mCrRRIYR8Tj_yyNpJMw,Tesla Supercharger,30.509680999999997,-97.687755,50.3,0.6,False,,False,google_places,ChIJ_XF_mCrRRIYR8Tj_yyNpJMw
ChIJo3XYi-QsW4YRmYifopMFgVA,Baskin-Robbins,"1335 E Whitestone Blvd, Cedar Park, TX 78613, USA",+1 512-986-7593,https://locations.baskinrobbins.com/tx/cedar-park/1335-e-whitestone-blvd?utm_source=google&utm_medium=organic&utm_campaign=Yext,"ice_cream_shop,dessert_shop,confectionery,bakery,food_store,wholesaler,point_of_interest,food,store,establishment",3.9,184,PRICE_LEVEL_INEXPENSIVE,yes,30.5296109,-97.8154253,ChIJuzmJiOQsW4YRFATJMd38D68,Shell Recharge Charging Station,30.530031999999995,-97.815229,50.5,0.6,False,,False,google_places,ChIJuzmJiOQsW4YRFATJMd38D68
ChIJ7See-2D1XIYRUAxbdp2BZL0,Woodhouse Spa - San Antonio - Quarry,"255 E Basse Rd, San Antonio, TX 78209, USA",+1 210-822-8800,http://sanantonioquarry.woodhousespas.com/?utm_source=google&utm_medium=yext,"nail_salon,hair_care,beauty_salon,massage,spa,point_of_interest,establishment",4.6,638,,yes,29.4974781,-98.48173849999999,ChIJ-bLnr1_1XIYRc85roJiXl8U,Tesla Supercharger,29.497154,-98.482113,51.1,0.61,False,,False,google_places,ChIJ-bLnr1_1XIYRc85roJiXl8U
ChIJY3Bi8M3bRIYRraqCkxcZ9as,Revere Salon at Salon Lofts,"1513 Stone Hill Dr suite 100 Loft #9, Pflugerville, TX 78660, USA",+1 512-620-5522,https://salonlofts.com/angelica_stephens,"beauty_salon,barber_shop,hair_care,point_of_interest,health,establishment",5,19,,yes,30.4697173,-97.5977671,ChIJebSn-ELFRIYRt5yPUCmHwU0,Shell Recharge Charging Station,30.470173,-97.597877,51.75461548235347,0.6161263747899224,False,,False,google_places,"ChIJebSn-ELFRIYRt5yPUCmHwU0,ChIJ3Xzcd0TFRIYRE_5xQf5EaDQ,ChIJL0vix2nFRIYRDmgTx2YzkBQ"
ChIJjxUl3M_FRIYR7-P7YLGvK6w,Hair Craftsman,"1513 Stone Hill Dr Suite 100 / Loft 17, Pflugerville, TX 78660, USA",+1 512-947-0377,https://www.haircraftsman.net/team-1,"hair_salon,hair_care,point_of_interest,establishment",5,12,,yes,30.4697173,-97.5977671,ChIJebSn-ELFRIYRt5yPUCmHwU0,Shell Recharge Charging Station,30.470173,-97.597877,51.75461548235347,0.6161263747899224,False,,False,google_places,"ChIJebSn-ELFRIYRt5yPUCmHwU0,ChIJ3Xzcd0TFRIYRE_5xQf5EaDQ,ChIJL0vix2nFRIYRDmgTx2YzkBQ"
ChIJ33d9Zl3FRIYRlQ5sTUs6L5A,Nothing Bundt Cakes,"18616 Limestone Commercial Dr, Pflugerville, TX 78660, USA",+1 512-717-0170,https://www.nothingbundtcakes.com/find-a-bakery/tx/pflugerville/bakery-346.html?utm_source=gbplisting&utm_medium=organic&utm_campaign=346_website_link,"bakery,dessert_shop,confectionery,food_store,wholesaler,food,store,point_of_interest,establishment",4.9,980,PRICE_LEVEL_MODERATE,yes,30.465997099999996,-97.5974689,ChIJL0vix2nFRIYRDmgTx2YzkBQ,EVgo Charging Station,30.466390500000003,-97.5971805,51.7,0.62,False,,False,google_places,"ChIJebSn-ELFRIYRt5yPUCmHwU0,ChIJL0vix2nFRIYRDmgTx2YzkBQ"
ChIJ0YbnguQsW4YRPvZnXRuHKWA,Takara Sushi & Asian Bistro,"1335 E Whitestone Blvd T140, Cedar Park, TX 78613, USA",+1 512-528-5449,https://takaraaustin.com/,"sushi_restaurant,fine_dining_restaurant,asian_restaurant,bar,japanese_restaurant,restaurant,food,point_of_interest,establishment",4.4,989,PRICE_LEVEL_MODERATE,yes,30.5297766,-97.8147766,ChIJuzmJiOQsW4YRFATJMd38D68,Shell Recharge Charging Station,30.530031999999995,-97.815229,51.8,0.62,False,,False,google_places,ChIJuzmJiOQsW4YRFATJMd38D68
ChIJtQHMvV3FRIYRkVzNzs-X1Vg,The Kebab Shop,"18616 Limestone Commercial Dr #300, Pflugerville, TX 78660, USA",+1 512-900-2560,http://www.thekebabshop.com/,"mediterranean_restaurant,restaurant,point_of_interest,food,establishment",4.5,811,PRICE_LEVEL_INEXPENSIVE,yes,30.465997099999996,-97.5974689,ChIJL0vix2nFRIYRDmgTx2YzkBQ,EVgo Charging Station,30.466390500000003,-97.5971805,51.7,0.62,False,,False,google_places,ChIJL0vix2nFRIYRDmgTx2YzkBQ
ChIJV1yrf4fLRIYRXQUXKn49aJI,Go go wok,"6718 Middle Fiskville Rd Suite A, Austin, TX 78752, USA",+1 737-837-2329,,"restaurant,food,point_of_interest,establishment",0,0,,unknown,30.329319800000004,-97.7067983,ChIJj7rigCPKRIYRv72j6K8r-8Q,Tesla Supercharger,30.329275,-97.70625899999999,52.0,0.62,False,,False,google_places,ChIJj7rigCPKRIYRv72j6K8r-8Q
ChIJ3YPsxvPBW4YR3rpoMIg4f4U,Revive Organics,"Revive Organics, 102 E Ufer St, Fredericksburg, TX 78624, USA",+1 830-307-3142,http://reviveorganicstx.com/,"juice_shop,acai_shop,brazilian_restaurant,coffee_shop,cafe,grocery_store,restaurant,point_of_interest,food_store,store,food,establishment",4.9,112,PRICE_LEVEL_MODERATE,yes,30.2718893,-98.8749639,ChIJVVey5lXAW4YR-Yhms36i-So,Shell Recharge Charging Station,30.271556,-98.875348,52.28892419417673,0.6224871927878183,False,,False,google_places,ChIJVVey5lXAW4YR-Yhms36i-So
ChIJn-pEl3JARYYRPDx6s_qGkmo,Miller's Smokehouse,"300 E Central Ave, Belton, TX 76513, USA",+1 254-939-5500,http://www.millerssmokehouse.com/,"barbecue_restaurant,coffee_shop,cafe,bakery,breakfast_restaurant,food_store,restaurant,store,food,point_of_interest,establishment",4.7,3267,PRICE_LEVEL_MODERATE,yes,31.056148,-97.461608,ChIJsaqa6XJARYYR2AdB408IMhs,FLO Charging Station,31.056513,-97.461252,52.888636959714326,0.6296266304727897,False,,False,google_places,"ChIJsaqa6XJARYYR2AdB408IMhs,ChIJlbEEXQBBRYYRHhk3u7iI5FI"
ChIJjduTQYVrRYYRkdH_tm-etnU,The Meltdown,"1420 SW H K Dodgen Loop, Temple, TX 76504, USA",+1 254-598-2658,https://themeltdown.com/?utm_source=G&utm_medium=organic&utm_campaign=DAC,"sandwich_shop,restaurant,point_of_interest,food,establishment",4.3,3,PRICE_LEVEL_MODERATE,yes,31.075104,-97.37064900000001,ChIJveI8NQBrRYYRBffgc0r6twU,Universal Charging Station,31.075019500000003,-97.37010610000002,52.6,0.63,False,,False,google_places,ChIJveI8NQBrRYYRBffgc0r6twU
ChIJ1VhtFN1LW4YRM0P7v--cfWc,CAVA,"701 S Capital of Texas Hwy Suite G750, West Lake Hills, TX 78746, USA",+1 737-910-4672,http://cava.com/,"mediterranean_restaurant,restaurant,food,point_of_interest,establishment",4.5,467,PRICE_LEVEL_MODERATE,yes,30.290048100000003,-97.8269902,ChIJJ6_0bN1LW4YRg8l9RLePwz8,Tesla Supercharger,30.289800000000003,-97.827474,54.0,0.64,False,,False,google_places,ChIJJ6_0bN1LW4YRg8l9RLePwz8
ChIJ41vz7W_RRIYRQKF01ATsNSw,Relax & Wax Authentic Brazilian Wax & Sugaring,"110 N Interstate Hwy 35 Suite 130, Round Rock, TX 78681, USA",+1 512-770-1000,http://www.relaxandwax.com/,"hair_care,beauty_salon,point_of_interest,establishment",5,79,,yes,30.509494199999995,-97.68827019999999,ChIJ_XF_mCrRRIYR8Tj_yyNpJMw,Tesla Supercharger,30.509680999999997,-97.687755,53.5,0.64,False,,False,google_places,ChIJ_XF_mCrRRIYR8Tj_yyNpJMw
ChIJeUlR7FXAW4YRViwFbTxOAX8,Looking Good,"404 S Adams St, Fredericksburg, TX 78624, USA",+1 830-997-7282,,"beauty_salon,barber_shop,hair_care,point_of_interest,health,establishment",4.9,10,,yes,30.271515899999997,-98.8759063,ChIJVVey5lXAW4YR-Yhms36i-So,Shell Recharge Charging Station,30.271556,-98.875348,53.8,0.64,False,,False,google_places,ChIJVVey5lXAW4YR-Yhms36i-So
ChIJMyvzTbm1RIYRzmxb8SWn7Tk,Sips & Sweets,"1701 S Congress Ave, Austin, TX 78704, USA",+1 512-795-4967,https://www.kendrascott.com/stores/directory/store?StoreID=265154,"cafe,coffee_shop,dessert_shop,confectionery,bakery,food_store,point_of_interest,food,store,establishment",4.2,17,,yes,30.246791299999998,-97.7503494,ChIJ2_MNyg-1RIYRkTEKVh9-5x0,Tesla Supercharger,30.2471801,-97.7500043,54.47873371912973,0.6485563537991634,False,,False,google_places,ChIJ2_MNyg-1RIYRkTEKVh9-5x0
ChIJbxWDfbDFRIYRR0_wAvtdPfk,Instant Beauty Skin Studio,"1513 Stone Hill Dr #14, Pflugerville, TX 78660, USA",+1 512-571-1294,,"spa,health,point_of_interest,establishment",4.3,97,,yes,30.469714000000003,-97.5976519,ChIJebSn-ELFRIYRt5yPUCmHwU0,Shell Recharge Charging Station,30.470173,-97.597877,55.410552978650585,0.6596494402220309,False,,False,google_places,"ChIJebSn-ELFRIYRt5yPUCmHwU0,ChIJ3Xzcd0TFRIYRE_5xQf5EaDQ,ChIJL0vix2nFRIYRDmgTx2YzkBQ"
ChIJe3K_CZ3FRIYRqoHYlmA2c8E,Dawn Nelson at The Salons at Stone Hill (Salon Lofts),"1513, 100 Stone Hill Dr Room29, Pflugerville, TX 78660, USA",+1 248-982-5272,http://www.dawnnelson.as.me/,"hair_salon,hair_care,point_of_interest,establishment",5,5,,no,30.469714000000003,-97.5976519,ChIJebSn-ELFRIYRt5yPUCmHwU0,Shell Recharge Charging Station,30.470173,-97.597877,55.410552978650585,0.6596494402220309,False,,False,google_places,"ChIJebSn-ELFRIYRt5yPUCmHwU0,ChIJ3Xzcd0TFRIYRE_5xQf5EaDQ,ChIJL0vix2nFRIYRDmgTx2YzkBQ"
ChIJmzamWULFRIYRNOXIC0ZDiJ0,The Color Room Salon,"1513 Stone Hill Dr rm 30, Pflugerville, TX 78660, USA",+1 512-759-8998,,"hair_salon,hair_care,point_of_interest,establishment",4.3,6,,yes,30.469714000000003,-97.5976519,ChIJebSn-ELFRIYRt5yPUCmHwU0,Shell Recharge Charging Station,30.470173,-97.597877,55.410552978650585,0.6596494402220309,False,,False,google_places,"ChIJebSn-ELFRIYRt5yPUCmHwU0,ChIJ3Xzcd0TFRIYRE_5xQf5EaDQ,ChIJL0vix2nFRIYRDmgTx2YzkBQ"
ChIJg3sV3TbFRIYRqPFUZAQTgrM,Francespa,"1513 Stone Hill Drive #100 Suite 13, Pflugerville, TX 78660, USA",+1 737-202-9033,,"spa,hair_care,beauty_salon,point_of_interest,establishment",0,0,,unknown,30.469714000000003,-97.5976519,ChIJebSn-ELFRIYRt5yPUCmHwU0,Shell Recharge Charging Station,30.470173,-97.597877,55.410552978650585,0.6596494402220309,False,,False,google_places,"ChIJebSn-ELFRIYRt5yPUCmHwU0,ChIJ3Xzcd0TFRIYRE_5xQf5EaDQ,ChIJL0vix2nFRIYRDmgTx2YzkBQ"
ChIJU2uIevLFRIYRDPgQ9BaRijw,Hair By Billie Jean,"1513 Stone Hill Dr 100 suite 13, Pflugerville, TX 78660, USA",+1 512-750-4283,,"hair_salon,hair_care,point_of_interest,establishment",0,0,,unknown,30.469714000000003,-97.5976519,ChIJebSn-ELFRIYRt5yPUCmHwU0,Shell Recharge Charging Station,30.470173,-97.597877,55.410552978650585,0.6596494402220309,False,,False,google_places,"ChIJebSn-ELFRIYRt5yPUCmHwU0,ChIJ3Xzcd0TFRIYRE_5xQf5EaDQ,ChIJL0vix2nFRIYRDmgTx2YzkBQ"
ChIJe2UAVxFhXIYR5ba9-9RANvA,BROWZ SALON,"7400 San Pedro Avenue, 1105 North Star Mall, San Antonio, TX 78216, USA",+1 210-392-0126,https://www.instagram.com/browzsalonsanantonio?igsh=MXM2MmlreTkzN2Z6aA%3D%3D&utm_source=qr,"beautician,beauty_salon,body_art_service,hair_care,point_of_interest,establishment",4.8,276,,yes,29.5181851,-98.49560269999999,ChIJUe4mdghgXIYRrRI94IU_jsk,Shell Recharge Charging Station,29.5185985,-98.49527649999999,55.8,0.66,False,,False,google_places,ChIJUe4mdghgXIYRrRI94IU_jsk
ChIJVQ8nJMZhXIYRMhlIdEkOeBA,Novo Brazil Brewing - San Antonio,"7400 San Pedro Ave Ste 1635, San Antonio, TX 78216, USA",+1 210-816-6650,https://www.novobrew.com/,"bar,point_of_interest,establishment",4.6,82,,yes,29.5181851,-98.49560269999999,ChIJUe4mdghgXIYRrRI94IU_jsk,Shell Recharge Charging Station,29.5185985,-98.49527649999999,55.8,0.66,False,,False,google_places,ChIJUe4mdghgXIYRrRI94IU_jsk
ChIJMVGBmgGvRYYR7YXkUGeRpz0,Clem Mikeska's BBQ,"1005 E 1st St, Cameron, TX 76520, USA",+1 254-455-0618,http://www.clembbq.com/,"barbecue_restaurant,restaurant,point_of_interest,food,establishment",3.5,259,,yes,30.847817900000003,-96.96788370000002,ChIJgSDUhgGvRYYR7vLK9YBZiSg,Universal Charging Station,30.848308599999996,-96.9677842,55.4,0.66,False,,False,google_places,ChIJgSDUhgGvRYYR7vLK9YBZiSg
ChIJs0QGV9JhXIYRhbJyWjALepQ,Pure Spa,"7400 San Pedro Ave suite 1130, San Antonio, TX 78216, USA",+1 615-988-8888,https://puremodernspa.com/,"spa,massage,point_of_interest,establishment",4.5,20,,yes,29.5181851,-98.49560269999999,ChIJUe4mdghgXIYRrRI94IU_jsk,Shell Recharge Charging Station,29.5185985,-98.49527649999999,55.8,0.66,False,,False,google_places,ChIJUe4mdghgXIYRrRI94IU_jsk
ChIJ5-R59i1rRYYRQxgeVp5fPfc,The Burger Den,"1420 SW H K Dodgen Loop, Temple, TX 76504, USA",+1 254-598-2658,https://www.theburgerden.com/?utm_source=G&utm_medium=organic&utm_campaign=DAC,"restaurant,point_of_interest,food,establishment",3.6,23,PRICE_LEVEL_MODERATE,yes,31.075114099999997,-97.3706749,ChIJveI8NQBrRYYRBffgc0r6twU,Universal Charging Station,31.075019500000003,-97.37010610000002,55.2,0.66,False,,False,google_places,ChIJveI8NQBrRYYRBffgc0r6twU
ChIJm9HyQBu1RIYRjNu0JZnNP-U,Pinthouse Brewing,"2201 E Ben White Blvd, Austin, TX 78741, USA",+1 512-717-0873,https://pinthouse.com/?olonwp=JjBtp_vMLk25gkYh_bnoiQ,"pub,bar,restaurant,food,point_of_interest,establishment",4.7,1747,PRICE_LEVEL_MODERATE,yes,30.215380800000002,-97.7423669,ChIJdbvdZIe0RIYRF3wQlpJgjdY,Tesla Supercharger,30.214916000000002,-97.74215099999999,55.69153659069189,0.6629944832225225,False,,False,google_places,ChIJdbvdZIe0RIYRF3wQlpJgjdY
ChIJRal8MQDbRIYRY4v1GU45xL0,Cottonwood Creek Brewery,"610 US-79, Hutto, TX 78634, USA",+1 737-391-9024,https://www.cottonwoodcreekbrewery.com/,"bar_and_grill,steak_house,bar,restaurant,point_of_interest,food,establishment",4.2,295,,yes,30.5421363,-97.55934309999999,ChIJgRL09ajbRIYRCDd-410XklQ,Firestone Complete Auto Care,30.541699299999998,-97.55904710000002,56.25622163569233,0.6697169242344325,False,,False,google_places,"ChIJgRL09ajbRIYRCDd-410XklQ,ChIJ_0qtiqjbRIYRoLvBVhC3CSw"
ChIJgeY3RvSDXIYRLJ9QXGk9qlY,Popcorn Friday,"213 E Central Ave, Belton, TX 76513, USA",+1 254-831-3032,http://www.popcornfriday.com/,"ice_cream_shop,gift_shop,coffee_shop,cafe,dessert_shop,confectionery,bakery,food_store,store,food,point_of_interest,establishment",4.7,123,,yes,31.0559061,-97.4624214,ChIJlbEEXQBBRYYRHhk3u7iI5FI,FLO Charging Station,31.055705599999996,-97.4618709,56.98144476158019,0.6783505328759547,False,,False,google_places,"ChIJlbEEXQBBRYYRHhk3u7iI5FI,ChIJsaqa6XJARYYR2AdB408IMhs"
ChIJEU9CXNq1RIYRWTv3dLfnxPU,Maie Day,"1603 S Congress Ave, Austin, TX 78704, USA",+1 512-524-2235,https://www.maieday.com/,"steak_house,brunch_restaurant,bar_and_grill,bar,restaurant,point_of_interest,food,establishment",4.3,397,,no,30.247684399999994,-97.7501144,ChIJ2_MNyg-1RIYRkTEKVh9-5x0,Tesla Supercharger,30.2471801,-97.7500043,57.06418652146456,0.6793355538269592,False,,False,google_places,ChIJ2_MNyg-1RIYRkTEKVh9-5x0
ChIJfyG_PvWTXIYRXuYeSOV3V5g,TAQUITOS TEPA,"PARKING LOT OF HEB PLUS! Across Curbside, 17460 I-35 N, Schertz, TX 78154, USA",+1 210-550-8008,,"mexican_restaurant,restaurant,point_of_interest,food,establishment",4.9,1342,PRICE_LEVEL_INEXPENSIVE,yes,29.598046500000002,-98.27570779999999,ChIJQ5WhZA2TXIYRsf57Q6H-Qho,Tesla Supercharger,29.5984763,-98.27603839999999,57.5,0.68,False,,False,google_places,ChIJQ5WhZA2TXIYRsf57Q6H-Qho
ChIJk_zr39zkQoYR8m4vqr_8FI0,Bush's Chicken - Cuero,"601 E Broadway St, Cuero, TX 77954, USA",+1 361-524-5295,http://bushschicken.com/,"fast_food_restaurant,restaurant,food,point_of_interest,establishment",4.1,297,PRICE_LEVEL_INEXPENSIVE,yes,29.091126299999996,-97.28410439999999,ChIJVVXZOt3kQoYR6_CNY9plmKg,EV Connect Charging Station,29.091254799999994,-97.28468679999999,58.4,0.69,False,,False,google_places,"ChIJVVXZOt3kQoYR6_CNY9plmKg,ChIJYwHcOt3kQoYRkdafMfFbgkY"
ChIJwzyqU3JARYYRAgsUeUAW0eg,Reagan's,"218 Water St, Belton, TX 76513, USA",+1 254-458-8202,http://facebook.com/ReagansBB,"hair_salon,beauty_salon,barber_shop,hair_care,health,point_of_interest,establishment",5,44,,yes,31.0553544,-97.4623172,ChIJlbEEXQBBRYYRHhk3u7iI5FI,FLO Charging Station,31.055705599999996,-97.4618709,57.7,0.69,False,,False,google_places,"ChIJlbEEXQBBRYYRHhk3u7iI5FI,ChIJsaqa6XJARYYR2AdB408IMhs"
ChIJqX3ZU5vRRIYRsoH9EenxfV8,Cold Stone Creamery,"110 I-35 #135, Round Rock, TX 78681, USA",+1 512-428-4205,https://www.coldstonecreamery.com/stores/23763?utm_source=gmb&utm_medium=gmb&utm_campaign=gmb&utm_id=gmb,"ice_cream_shop,dessert_restaurant,bakery,dessert_shop,confectionery,food_store,wholesaler,store,restaurant,point_of_interest,food,establishment",4.7,490,PRICE_LEVEL_MODERATE,yes,30.5094339,-97.6882961,ChIJ_XF_mCrRRIYR8Tj_yyNpJMw,Tesla Supercharger,30.509680999999997,-97.687755,58.66876658487342,0.6984376974389693,False,,False,google_places,ChIJ_XF_mCrRRIYR8Tj_yyNpJMw
ChIJ8SRhMejFRIYR8ADGd4MoqP0,Salon Lofts Stone Hill Center,"1513 Stone Hill Dr, Pflugerville, TX 78660, USA",+1 888-295-6073,https://salonlofts.com/salons/stone_hill_center?utm_source=apple_maps&utm_medium=organic&utm_campaign=yext,"beauty_salon,nail_salon,hair_salon,skin_care_clinic,barber_shop,hair_care,body_art_service,massage,health,point_of_interest,establishment",2.6,5,,yes,30.4696744,-97.5976591,ChIJebSn-ELFRIYRt5yPUCmHwU0,Shell Recharge Charging Station,30.470173,-97.597877,59.24440620201803,0.7052905500240242,False,,False,google_places,"ChIJebSn-ELFRIYRt5yPUCmHwU0,ChIJ3Xzcd0TFRIYRE_5xQf5EaDQ,ChIJL0vix2nFRIYRDmgTx2YzkBQ"
ChIJGUHKsT9BRYYRl6DzI87VUb0,Wrapin' Poke,"Back part of Narunya's, 316 E Central Ave Suite B, Belton, TX 76513, USA",+1 254-780-7822,https://www.wrapinpoke.com/,"american_restaurant,restaurant,food,point_of_interest,establishment",1,1,,yes,31.056027299999997,-97.46097019999999,ChIJsaqa6XJARYYR2AdB408IMhs,FLO Charging Station,31.056513,-97.461252,60.31049970093134,0.7179821392968017,False,,False,google_places,"ChIJsaqa6XJARYYR2AdB408IMhs,ChIJlbEEXQBBRYYRHhk3u7iI5FI"
ChIJkekR0Z5WW4YRoewOIef3bNo,MOD Pizza,"151 Evans Dr #105, Kyle, TX 78640, USA",+1 512-268-0319,https://locations.modpizza.com/usa/tx/kyle/151-evans-dr?utm_source=google&utm_medium=yext,"pizza_restaurant,restaurant,food,point_of_interest,establishment",4.5,988,PRICE_LEVEL_INEXPENSIVE,yes,30.012731199999998,-97.86215179999999,ChIJd749_h9VW4YRo2JVbrw88f8,Tesla Supercharger,30.013033999999998,-97.8626748,60.6,0.72,False,,False,google_places,ChIJd749_h9VW4YRo2JVbrw88f8
ChIJ30MiPRJjXIYRo-Kq-p3HRww,Mary's Grill,"18326 Tuscany Stone, San Antonio, TX 78258, USA",+1 210-719-6421,,"restaurant,food,point_of_interest,establishment",4.3,72,,unknown,29.6109962,-98.4889283,ChIJ1a0ntTNjXIYR24DHYG6wjvw,Tesla Supercharger,29.610495999999998,-98.48867399999999,60.8,0.72,False,,False,google_places,ChIJ1a0ntTNjXIYR24DHYG6wjvw
ChIJGx7sS7dLW4YRZ02Y4vNiRuM,"Soleyah Medspa, Aesthetics + Wellness","5601 Brodie Ln #670, Sunset Valley, TX 78745, USA",+1 512-470-5450,https://soleyahmedspa.com/,"spa,health,point_of_interest,establishment",0,0,,unknown,30.226658500000003,-97.8216281,ChIJB6V5yAxLW4YRNhJ9RcabMns,EVgo Charging Station,30.2261163,-97.82171699999999,60.9,0.72,False,,False,google_places,"ChIJB6V5yAxLW4YRNhJ9RcabMns,ChIJ2Um53XdLW4YRFBnBkfJKFJA"
ChIJ9ftXF6dBRYYRVSRVQzIgXLw,Toast&Tea,"316 E Central Ave Suite B, Belton, TX 76513, USA",+1 254-613-4494,,"breakfast_restaurant,brunch_restaurant,tea_house,bakery,dessert_shop,confectionery,food_store,restaurant,store,food,point_of_interest,establishment",4.4,342,PRICE_LEVEL_MODERATE,yes,31.056016999999997,-97.4609771,ChIJsaqa6XJARYYR2AdB408IMhs,FLO Charging Station,31.056513,-97.461252,61.05345078776471,0.7268267950924371,False,,False,google_places,"ChIJlbEEXQBBRYYRHhk3u7iI5FI,ChIJsaqa6XJARYYR2AdB408IMhs"
